It,AveBestFitness,AvgConvergence,ExperimentName
0,118.66108669922627,2.695531970950675,pcross=0.1
1,118.66108669922627,2.526933273670023,pcross=0.1
2,102.48257438547283,2.1694418285620736,pcross=0.1
3,97.7108175253372,1.8763545905045198,pcross=0.1
4,97.7108175253372,1.5803456695880658,pcross=0.1
5,88.62808798181779,1.3726568988299035,pcross=0.1
6,88.62808798181779,1.4278948880713627,pcross=0.1
7,88.54077653230446,1.4393245616838226,pcross=0.1
8,81.54623392182118,1.333474509708714,pcross=0.1
9,81.54623392182118,1.2540541716417262,pcross=0.1
10,81.54623392182118,1.2145884340562938,pcross=0.1
11,66.540763203827,0.9582462771284441,pcross=0.1
12,66.540763203827,0.7036597324614317,pcross=0.1
13,55.47601197680171,0.850944758709328,pcross=0.1
14,55.47601197680171,0.9506871752140645,pcross=0.1
15,55.47601197680171,0.7048456325096439,pcross=0.1
16,54.47261396955854,0.3771725118035397,pcross=0.1
17,47.742198368183786,0.09672064384932984,pcross=0.1
18,47.742198368183786,0.12152538959079448,pcross=0.1
19,47.742198368183786,0.09116270148501923,pcross=0.1
20,43.428150028130545,0.10259113514582113,pcross=0.1
21,40.7653232118668,0.13737559015193418,pcross=0.1
22,40.7653232118668,0.13056697708680945,pcross=0.1
23,40.7653232118668,0.12875579864940248,pcross=0.1
24,38.58436995441367,0.12440005078697675,pcross=0.1
25,34.267893096912786,0.13138888643189284,pcross=0.1
26,34.267893096912786,0.1171899038259207,pcross=0.1
27,34.267893096912786,0.07546433832399271,pcross=0.1
28,34.267893096912786,0.07217771865710879,pcross=0.1
29,34.03490761049204,0.08276021428197747,pcross=0.1
30,33.38543045204693,0.06522906188273901,pcross=0.1
31,31.39545327130992,0.06622969146324498,pcross=0.1
32,30.334951823072515,0.08931062099985212,pcross=0.1
33,29.275815006670058,0.11305161040424792,pcross=0.1
34,29.275815006670058,0.1426045322217234,pcross=0.1
35,28.339916032982757,0.17205403322018284,pcross=0.1
36,28.339916032982757,0.20871422511854185,pcross=0.1
37,28.339916032982757,0.15109938867214098,pcross=0.1
38,27.404808357984535,0.10075738700346998,pcross=0.1
39,24.835010989013426,0.08094362989675863,pcross=0.1
40,24.835010989013426,0.10378771368553234,pcross=0.1
41,24.04270557077183,0.12019945103822939,pcross=0.1
42,24.04270557077183,0.11255628537957606,pcross=0.1
43,24.04270557077183,0.1582152817004315,pcross=0.1
44,22.7446092736118,0.10598326550317376,pcross=0.1
45,23.425542979721527,0.06811474112387701,pcross=0.1
46,23.425542979721527,0.028664476207729866,pcross=0.1
47,22.189584265567376,0.02586478242906306,pcross=0.1
48,22.189584265567376,0.050949724782892176,pcross=0.1
49,22.061119934666266,0.027849367998852327,pcross=0.1
50,22.061119934666266,0.03203734095205725,pcross=0.1
51,22.02405551354896,0.030298853399218815,pcross=0.1
52,22.02405551354896,0.054486527291716026,pcross=0.1
53,18.804925383930822,0.053953556130630166,pcross=0.1
54,18.804925383930822,0.04196650028681652,pcross=0.1
55,18.804925383930822,0.09197278296256849,pcross=0.1
56,18.804925383930822,0.060522155633299185,pcross=0.1
57,18.639396631912405,0.08000699966601564,pcross=0.1
58,18.541064866149057,0.07134264154559672,pcross=0.1
59,15.66194664411627,0.050413654943893854,pcross=0.1
60,15.66194664411627,0.046982971599076655,pcross=0.1
61,15.66194664411627,0.06790353921362428,pcross=0.1
62,15.496417892097853,0.08197967443483911,pcross=0.1
63,15.496417892097853,0.12359901686539798,pcross=0.1
64,15.342683606389741,0.11374298591132811,pcross=0.1
65,15.342683606389741,0.08455025156064452,pcross=0.1
66,14.26650135664282,0.07369047272637592,pcross=0.1
67,13.148251053789437,0.0718983024216601,pcross=0.1
68,13.148251053789437,0.08932898737383675,pcross=0.1
69,13.148251053789437,0.08988367392032015,pcross=0.1
70,13.148251053789437,0.0909259422211616,pcross=0.1
71,13.148251053789437,0.08762672314980186,pcross=0.1
72,12.51408141217945,0.07392092956424821,pcross=0.1
73,12.51408141217945,0.07524876467179199,pcross=0.1
74,12.500607282659118,0.032573733423133244,pcross=0.1
75,12.500607282659118,0.03249368988728962,pcross=0.1
76,12.500607282659118,0.030911882572311894,pcross=0.1
77,11.547283689611177,0.05908051992108188,pcross=0.1
78,11.547283689611177,0.05152247676234185,pcross=0.1
79,11.547283689611177,0.0517039815681328,pcross=0.1
80,11.547283689611177,0.07221953488862186,pcross=0.1
81,11.53380956009083,0.09623371656074922,pcross=0.1
82,11.53380956009083,0.07082001331159278,pcross=0.1
83,11.53380956009083,0.0715646519067328,pcross=0.1
84,11.53380956009083,0.07141132980342246,pcross=0.1
85,11.464828251651241,0.03633427345358892,pcross=0.1
86,11.464828251651241,0.021681998959123632,pcross=0.1
87,8.364689904699475,0.052487011875293234,pcross=0.1
88,11.464828251651241,0.059324362718277596,pcross=0.1
89,11.464828251651241,0.014795780625575228,pcross=0.1
90,11.464828251651241,0.04301726231528573,pcross=0.1
91,11.464828251651241,0.04603936110741385,pcross=0.1
92,11.464828251651241,0.040246113208581485,pcross=0.1
93,11.464828251651241,0.055284613254613674,pcross=0.1
94,11.103804618915532,0.027234350874240417,pcross=0.1
95,11.103804618915532,0.04673491533509085,pcross=0.1
96,10.926442612662328,0.0639117944821462,pcross=0.1
97,10.926442612662328,0.045847999265787344,pcross=0.1
98,10.196677491645872,0.09097208177814571,pcross=0.1
99,10.196677491645872,0.09886192699902195,pcross=0.1
0,81.74791421597618,2.641517298080924,pcross=0.2
1,81.74791421597618,2.2126477215338416,pcross=0.2
2,73.75009582951463,1.9597593059945815,pcross=0.2
3,65.73194535354702,1.6885936408758315,pcross=0.2
4,65.73194535354702,1.3441587779508537,pcross=0.2
5,63.418523065393074,1.2684943734498475,pcross=0.2
6,59.117975013296615,1.1983463315906033,pcross=0.2
7,59.105460599536485,1.1499977574540197,pcross=0.2
8,52.49575342537425,1.1573607753047097,pcross=0.2
9,52.49575342537425,1.0231049196137816,pcross=0.2
10,52.05889222104824,0.9793761611009398,pcross=0.2
11,47.41358145870218,1.0118496423672176,pcross=0.2
12,39.9931969947035,1.0301040100580623,pcross=0.2
13,33.29796781582756,1.0451962030894675,pcross=0.2
14,25.87011540082318,0.9951995431478342,pcross=0.2
15,25.87011540082318,0.8949393625497928,pcross=0.2
16,25.87011540082318,0.8338992320277956,pcross=0.2
17,25.87011540082318,0.7447104293218588,pcross=0.2
18,25.87011540082318,0.6812156720282107,pcross=0.2
19,24.062601423166768,0.6669870249793828,pcross=0.2
20,24.062601423166768,0.6297826019381434,pcross=0.2
21,22.425206065022437,0.5683033458234387,pcross=0.2
22,21.3253361645596,0.45792005823101545,pcross=0.2
23,21.3253361645596,0.373380421316963,pcross=0.2
24,19.21529970020569,0.30272177192467975,pcross=0.2
25,19.21529970020569,0.41400960499455297,pcross=0.2
26,19.21529970020569,0.41435081395803347,pcross=0.2
27,15.960711197880912,0.32264672132132355,pcross=0.2
28,13.850674733526986,0.20816431231894877,pcross=0.2
29,13.850674733526986,0.11205407085528944,pcross=0.2
30,13.850674733526986,0.07232043046702227,pcross=0.2
31,13.036576693542699,0.07069245327582757,pcross=0.2
32,13.036576693542699,0.12119538520032297,pcross=0.2
33,11.79950418444956,0.11831795569363078,pcross=0.2
34,11.79950418444956,0.08802705582129453,pcross=0.2
35,11.79950418444956,0.05270162504514366,pcross=0.2
36,11.79950418444956,0.03108023619166891,pcross=0.2
37,11.79950418444956,0.06138752397798194,pcross=0.2
38,11.6121411580433,0.03342982564385559,pcross=0.2
39,10.853467004674997,0.04199086442948956,pcross=0.2
40,10.832322128684424,0.062168561826779774,pcross=0.2
41,10.832322128684424,0.033934530774236665,pcross=0.2
42,10.149485680676392,0.04239635568549887,pcross=0.2
43,10.073647975316106,0.049788969242129416,pcross=0.2
44,9.419179020863368,0.0693511222658925,pcross=0.2
45,9.361126566273327,0.04995707979089202,pcross=0.2
46,9.361126566273327,0.06910777987440189,pcross=0.2
47,9.361126566273327,0.049015105216308974,pcross=0.2
48,9.25714712272746,0.06217751918919424,pcross=0.2
49,9.25714712272746,0.07118324404804688,pcross=0.2
50,9.25714712272746,0.051865535139141175,pcross=0.2
51,9.25714712272746,0.0432970985336196,pcross=0.2
52,8.486840036830287,0.06413770967074703,pcross=0.2
53,8.486840036830287,0.04615135889021111,pcross=0.2
54,8.486840036830287,0.04542634002568312,pcross=0.2
55,8.486840036830287,0.06489883688820694,pcross=0.2
56,6.45168095678568,0.060310471121181826,pcross=0.2
57,6.45168095678568,0.08012075751972746,pcross=0.2
58,6.45168095678568,0.05526831760045517,pcross=0.2
59,6.45168095678568,0.052495574050163,pcross=0.2
60,6.45168095678568,0.04707070039274495,pcross=0.2
61,5.6568724515935,0.03809849782533798,pcross=0.2
62,5.6568724515935,0.06620138039008347,pcross=0.2
63,5.6568724515935,0.039066025934129577,pcross=0.2
64,5.6568724515935,0.046583356244263054,pcross=0.2
65,5.579439683002477,0.03449360175351994,pcross=0.2
66,5.579439683002477,0.03987000198011521,pcross=0.2
67,5.579439683002477,0.0478780332589541,pcross=0.2
68,5.579439683002477,0.05772753149313757,pcross=0.2
69,5.579439683002477,0.09325671363358776,pcross=0.2
70,5.579439683002477,0.07316716250788374,pcross=0.2
71,5.359804787776497,0.05023022913618336,pcross=0.2
72,5.359804787776497,0.037025259319055204,pcross=0.2
73,5.282372019185459,0.05378000988367146,pcross=0.2
74,4.3543176087540445,0.039044885633378594,pcross=0.2
75,4.276884840163007,0.07781404096059101,pcross=0.2
76,4.156972093318103,0.05404482602568375,pcross=0.2
77,4.156972093318103,0.07233250509626869,pcross=0.2
78,3.8148647976649244,0.07340608359556769,pcross=0.2
79,3.8148647976649244,0.08590474916766194,pcross=0.2
80,3.8148647976649244,0.07702242906338272,pcross=0.2
81,3.6056844172724425,0.07873347090768312,pcross=0.2
82,3.6056844172724425,0.03440575186123139,pcross=0.2
83,3.6056844172724425,0.04403317489604012,pcross=0.2
84,3.6056844172724425,0.026023169579359077,pcross=0.2
85,3.6056844172724425,0.07380095451897652,pcross=0.2
86,3.6056844172724425,0.06590649221620959,pcross=0.2
87,3.6056844172724425,0.0494223152309283,pcross=0.2
88,3.5216336275198614,0.0555393887659914,pcross=0.2
89,3.5216336275198614,0.0524327496396676,pcross=0.2
90,3.5216336275198614,0.021467950221822137,pcross=0.2
91,3.5216336275198614,0.04091644564697639,pcross=0.2
92,3.5216336275198614,0.04600606547073144,pcross=0.2
93,3.5216336275198614,0.03974347090781243,pcross=0.2
94,3.5216336275198614,0.03611984482675131,pcross=0.2
95,3.5216336275198614,0.0540627139927883,pcross=0.2
96,3.5216336275198614,0.05516705904922995,pcross=0.2
97,3.5216336275198614,0.03838707926320766,pcross=0.2
98,3.5216336275198614,0.0276199230948341,pcross=0.2
99,3.466012673736614,0.0528932126076709,pcross=0.2
0,105.82919837185965,2.5951815807510084,pcross=0.3
1,101.09644576076516,2.3593474398077996,pcross=0.3
2,88.56851141321555,2.2076357673228757,pcross=0.3
3,87.10996059523225,1.874343127621631,pcross=0.3
4,56.35098802780248,1.7339803376477227,pcross=0.3
5,56.35098802780248,1.5966580987781964,pcross=0.3
6,56.35098802780248,1.3365333174458587,pcross=0.3
7,45.358732215179685,1.2775216131418061,pcross=0.3
8,40.069804890778016,1.1520855639983758,pcross=0.3
9,40.069804890778016,0.9029899739117739,pcross=0.3
10,37.68224983846976,0.74494007158822,pcross=0.3
11,37.68224983846976,0.7241623641075045,pcross=0.3
12,25.282196480632464,0.734920887515735,pcross=0.3
13,25.282196480632464,0.5006186575719779,pcross=0.3
14,22.894641428324206,0.5918663962818298,pcross=0.3
15,17.5559376393703,0.660176852774895,pcross=0.3
16,17.5559376393703,0.5657916905996543,pcross=0.3
17,17.5559376393703,0.29551249034016386,pcross=0.3
18,17.5559376393703,0.09237268705562149,pcross=0.3
19,16.85722304888388,0.10380522735375841,pcross=0.3
20,16.85722304888388,0.06637099208527938,pcross=0.3
21,16.85722304888388,0.03469881894039127,pcross=0.3
22,16.722610039312116,0.029287684250765993,pcross=0.3
23,16.722610039312116,0.048099595537735365,pcross=0.3
24,16.722610039312116,0.03665566473457781,pcross=0.3
25,16.440724167759583,0.06629261360444506,pcross=0.3
26,16.440724167759583,0.05814918099221594,pcross=0.3
27,16.440724167759583,0.03453061395895171,pcross=0.3
28,16.26448216297625,0.04885697358869176,pcross=0.3
29,16.26448216297625,0.046848044918509746,pcross=0.3
30,14.218721333466831,0.0505447557205825,pcross=0.3
31,14.218721333466831,0.04243167875862308,pcross=0.3
32,14.084108323895066,0.06836322442309614,pcross=0.3
33,13.544790835509644,0.10644077563240514,pcross=0.3
34,13.544790835509644,0.10289403603081224,pcross=0.3
35,13.544790835509644,0.10623596522740879,pcross=0.3
36,12.718978213423412,0.07529627047022848,pcross=0.3
37,11.559065180424284,0.06349646029456846,pcross=0.3
38,11.559065180424284,0.049370991995486134,pcross=0.3
39,10.947688088494928,0.07521917509845527,pcross=0.3
40,10.193935069952644,0.09056776215989319,pcross=0.3
41,10.193935069952644,0.08957334815866011,pcross=0.3
42,10.193935069952644,0.0819661241251787,pcross=0.3
43,8.407212389266306,0.0984741761517608,pcross=0.3
44,8.407212389266306,0.08951413045330886,pcross=0.3
45,8.267411560308204,0.06853594171073057,pcross=0.3
46,8.267411560308204,0.04527215840218165,pcross=0.3
47,8.267411560308204,0.033237554693812364,pcross=0.3
48,8.267411560308204,0.04701256800791928,pcross=0.3
49,7.728094071922783,0.06887668385733275,pcross=0.3
50,8.149553750417468,0.06423700188723717,pcross=0.3
51,8.140540882295511,0.07211055114643329,pcross=0.3
52,7.856188269478963,0.09956295257706799,pcross=0.3
53,7.856188269478963,0.08441424576515683,pcross=0.3
54,7.856188269478963,0.06041520686942461,pcross=0.3
55,7.856188269478963,0.08641380058369949,pcross=0.3
56,7.034199551717975,0.10743003250345756,pcross=0.3
57,7.034199551717975,0.09805062408676177,pcross=0.3
58,6.343590235047486,0.10617910098859616,pcross=0.3
59,6.343590235047486,0.09628106427128716,pcross=0.3
60,5.919834788092871,0.13902605483306746,pcross=0.3
61,5.919834788092871,0.12284351267985988,pcross=0.3
62,5.919834788092871,0.09876933038860412,pcross=0.3
63,5.911071879097548,0.06898435790472288,pcross=0.3
64,5.911071879097548,0.04329642756263663,pcross=0.3
65,5.838124646084367,0.037571242307057315,pcross=0.3
66,5.838124646084367,0.07088554391930227,pcross=0.3
67,5.748050780401087,0.0321518246154241,pcross=0.3
68,5.476236979427767,0.04322998643244753,pcross=0.3
69,5.476236979427767,0.0624360226248473,pcross=0.3
70,5.305868625703084,0.06072043045394555,pcross=0.3
71,5.305868625703084,0.06803646648396429,pcross=0.3
72,5.101161356480759,0.06524254526890445,pcross=0.3
73,5.101161356480759,0.04735815672197599,pcross=0.3
74,4.416455923615942,0.04461083139414035,pcross=0.3
75,5.050806742854405,0.06648456329088635,pcross=0.3
76,3.9816210239461753,0.0626597365682199,pcross=0.3
77,3.9816210239461753,0.08093433743649565,pcross=0.3
78,3.9816210239461753,0.09642166782532822,pcross=0.3
79,3.584517836091365,0.1253393052577771,pcross=0.3
80,3.584517836091365,0.117193995271595,pcross=0.3
81,3.584517836091365,0.08937013598641565,pcross=0.3
82,3.584517836091365,0.07579042408209194,pcross=0.3
83,3.584517836091365,0.0786135245027478,pcross=0.3
84,3.584517836091365,0.05722984829024661,pcross=0.3
85,3.584517836091365,0.038399797998738786,pcross=0.3
86,3.4768088179072407,0.019811586769299377,pcross=0.3
87,3.4768088179072407,0.03439650814991689,pcross=0.3
88,3.4768088179072407,0.03648988006219119,pcross=0.3
89,2.869837781475212,0.0557702744095948,pcross=0.3
90,2.869837781475212,0.04264966078726109,pcross=0.3
91,2.84827098380471,0.07523566571532032,pcross=0.3
92,2.84827098380471,0.06847093277696584,pcross=0.3
93,2.7405619656205715,0.02385818042288461,pcross=0.3
94,2.84827098380471,0.029651648175764878,pcross=0.3
95,2.7405619656205715,0.04738451376322273,pcross=0.3
96,2.7405619656205715,0.049793602650793974,pcross=0.3
97,2.7405619656205715,0.04912251746475517,pcross=0.3
98,2.7405619656205715,0.024917242506370417,pcross=0.3
99,2.7405619656205715,0.04099746480934672,pcross=0.3
0,98.90867942275243,2.649717868817601,pcross=0.4
1,101.53666881683438,2.3609908179918224,pcross=0.4
2,94.6450102946935,2.1949738799883143,pcross=0.4
3,83.95381386770119,2.0518962077283347,pcross=0.4
4,77.69898914227664,1.8850170479616835,pcross=0.4
5,74.14398204044477,1.739765541539808,pcross=0.4
6,70.79319642456663,1.6549643194178159,pcross=0.4
7,65.42020132985951,1.450796831551936,pcross=0.4
8,50.35691820928019,1.3488765310341753,pcross=0.4
9,50.35691820928019,1.270109148379553,pcross=0.4
10,39.11545382079187,1.2932967665702082,pcross=0.4
11,39.11545382079187,1.2224562814620354,pcross=0.4
12,39.11545382079187,1.1573722655532526,pcross=0.4
13,36.777779505155266,1.070000019726736,pcross=0.4
14,35.14197406221912,0.8351967024437048,pcross=0.4
15,30.74605930615128,0.6926019046834977,pcross=0.4
16,26.77257954757853,0.48098333827011747,pcross=0.4
17,26.77257954757853,0.5211798071279542,pcross=0.4
18,23.782204505290196,0.5090795902083982,pcross=0.4
19,20.133695218971553,0.48345612728384935,pcross=0.4
20,20.133695218971553,0.4685771959183078,pcross=0.4
21,20.133695218971553,0.4405030686637924,pcross=0.4
22,19.204838741512845,0.3528888936592586,pcross=0.4
23,19.204838741512845,0.3075716789790898,pcross=0.4
24,19.204838741512845,0.1454730917701901,pcross=0.4
25,18.44733773799598,0.03760281404917953,pcross=0.4
26,17.804581827934953,0.06284749894343462,pcross=0.4
27,17.804581827934953,0.052813684827116215,pcross=0.4
28,17.804581827934953,0.05599947787494073,pcross=0.4
29,17.24356233595924,0.077517883357944,pcross=0.4
30,17.24356233595924,0.05068698875800777,pcross=0.4
31,16.6008064258982,0.057496303507841115,pcross=0.4
32,16.6008064258982,0.04025502200406457,pcross=0.4
33,16.527547699048455,0.05041902097453799,pcross=0.4
34,16.502679121413962,0.0623663140683423,pcross=0.4
35,16.502679121413962,0.052022786934125195,pcross=0.4
36,16.25021712807869,0.04824891940492775,pcross=0.4
37,16.25021712807869,0.026600037654046605,pcross=0.4
38,16.249194696135802,0.0366832570795831,pcross=0.4
39,16.004742769091806,0.059617438356439255,pcross=0.4
40,16.004742769091806,0.040692866718282275,pcross=0.4
41,15.993986811527492,0.04877981081225693,pcross=0.4
42,15.847662188967746,0.0689214753098755,pcross=0.4
43,15.733649608064653,0.07226889792822734,pcross=0.4
44,15.733649608064653,0.06299311995850096,pcross=0.4
45,15.733649608064653,0.08777680859855871,pcross=0.4
46,15.639486524887388,0.0748711885713938,pcross=0.4
47,15.478441723456356,0.06928563061863616,pcross=0.4
48,15.478441723456356,0.0839200129206446,pcross=0.4
49,15.478441723456356,0.10781776167883135,pcross=0.4
50,15.368393363860235,0.08315486412014163,pcross=0.4
51,15.368393363860235,0.06748293491541406,pcross=0.4
52,15.368393363860235,0.05830204722578071,pcross=0.4
53,13.403001340789814,0.03680090768804063,pcross=0.4
54,13.403001340789814,0.04265408584079487,pcross=0.4
55,13.292952981193693,0.045091625003486145,pcross=0.4
56,13.292952981193693,0.030905754946510735,pcross=0.4
57,13.284354147979414,0.05074905361561221,pcross=0.4
58,13.174305788383293,0.052914102835688155,pcross=0.4
59,12.441465339282402,0.05446171635899429,pcross=0.4
60,12.441465339282402,0.05735132464465714,pcross=0.4
61,12.432866506068109,0.056375715378008104,pcross=0.4
62,12.432866506068109,0.0454858545494128,pcross=0.4
63,12.322818146472002,0.054361807355611844,pcross=0.4
64,12.322818146472002,0.040573362103898954,pcross=0.4
65,12.322818146472002,0.02173698455093236,pcross=0.4
66,12.284589966064374,0.06640918829566607,pcross=0.4
67,12.284589966064374,0.023100060905298796,pcross=0.4
68,12.284589966064374,0.061547935049471064,pcross=0.4
69,12.284589966064374,0.05883168658622513,pcross=0.4
70,12.284589966064374,0.040589285753348914,pcross=0.4
71,12.284589966064374,0.05526843779861987,pcross=0.4
72,12.284589966064374,0.06801101996748235,pcross=0.4
73,12.284589966064374,0.02371247934653178,pcross=0.4
74,9.275618933255373,0.044942961708643585,pcross=0.4
75,9.275618933255373,0.06251161585939914,pcross=0.4
76,9.275618933255373,0.0526879981538781,pcross=0.4
77,9.275618933255373,0.05387393232327997,pcross=0.4
78,9.275618933255373,0.09616282628996987,pcross=0.4
79,9.275618933255373,0.09901058173575408,pcross=0.4
80,9.27164806037625,0.1122495949693758,pcross=0.4
81,9.267725403797058,0.10162198790106965,pcross=0.4
82,9.267725403797058,0.047068182104654334,pcross=0.4
83,9.267725403797058,0.05573084169556849,pcross=0.4
84,9.267725403797058,0.04674207023339838,pcross=0.4
85,9.12721904036546,0.03978707213650454,pcross=0.4
86,9.12721904036546,0.027107576188717553,pcross=0.4
87,9.12721904036546,0.060389975394714024,pcross=0.4
88,9.123248167486338,0.04707281641059626,pcross=0.4
89,9.123248167486338,0.027993496443993005,pcross=0.4
90,9.123248167486338,0.04641269800120395,pcross=0.4
91,9.123248167486338,0.047219233164900724,pcross=0.4
92,9.123248167486338,0.07356217934898238,pcross=0.4
93,9.123248167486338,0.03238922781760623,pcross=0.4
94,9.123248167486338,0.05465929985113082,pcross=0.4
95,9.123248167486338,0.08511926048559194,pcross=0.4
96,9.123248167486338,0.05304873126440145,pcross=0.4
97,9.123248167486338,0.03621764227199112,pcross=0.4
98,9.123248167486338,0.03929199210700289,pcross=0.4
99,9.123248167486338,0.012053761296643616,pcross=0.4
0,71.52852744322628,2.620409628169507,pcross=0.5
1,62.5104804586112,2.3250151907432226,pcross=0.5
2,62.5104804586112,1.9780025734672952,pcross=0.5
3,52.55970645365139,1.3348504224194735,pcross=0.5
4,44.092348132387066,1.070854794760938,pcross=0.5
5,44.092348132387066,0.7901034729194826,pcross=0.5
6,42.63237273693143,0.7282582957541419,pcross=0.5
7,34.040705119645736,0.5901404433671853,pcross=0.5
8,32.979885941729734,0.3810840007192615,pcross=0.5
9,31.282978846752286,0.38364189673425636,pcross=0.5
10,30.4525682325621,0.4566544067399254,pcross=0.5
11,30.4525682325621,0.4626578374932059,pcross=0.5
12,27.595310658380043,0.42767226228615557,pcross=0.5
13,25.766530364844172,0.3254380504489225,pcross=0.5
14,20.077596708902064,0.17176359768752741,pcross=0.5
15,20.077596708902064,0.10374865235944185,pcross=0.5
16,20.077596708902064,0.1163086299408053,pcross=0.5
17,20.077596708902064,0.14244521364808335,pcross=0.5
18,19.350919259770635,0.13162584948730782,pcross=0.5
19,18.287460823040945,0.08830860592479256,pcross=0.5
20,16.38992852052982,0.04033174722100903,pcross=0.5
21,16.16567327917025,0.0397955667365695,pcross=0.5
22,15.860859097120368,0.08140344340132719,pcross=0.5
23,14.268140976659126,0.037315470274244644,pcross=0.5
24,14.268140976659126,0.042216919355982915,pcross=0.5
25,14.268140976659126,0.045690541428836974,pcross=0.5
26,13.58700572592278,0.07169405782987139,pcross=0.5
27,12.149740552206794,0.047813675515049295,pcross=0.5
28,13.49335552001314,0.05105666057872285,pcross=0.5
29,13.49335552001314,0.037597517874706714,pcross=0.5
30,12.928200561833009,0.02374626186421277,pcross=0.5
31,12.834550355923383,0.019333922054019494,pcross=0.5
32,12.834550355923383,0.04630567257610187,pcross=0.5
33,12.755182035338564,0.06814589597374651,pcross=0.5
34,12.755182035338564,0.03743675154810429,pcross=0.5
35,12.609376943214542,0.04346685542660547,pcross=0.5
36,12.609376943214542,0.05518588776611604,pcross=0.5
37,12.515726737304917,0.06833768373182803,pcross=0.5
38,11.254833109435651,0.10208092364352474,pcross=0.5
39,11.254833109435651,0.09204647807664101,pcross=0.5
40,11.254833109435651,0.0773631516449326,pcross=0.5
41,10.412453469304012,0.0657510107517085,pcross=0.5
42,10.412453469304012,0.0806911087682981,pcross=0.5
43,10.412453469304012,0.10467469847801447,pcross=0.5
44,10.412453469304012,0.09891737247717469,pcross=0.5
45,10.346627755771252,0.05266699177462974,pcross=0.5
46,10.331638507800037,0.04659778780394737,pcross=0.5
47,10.331638507800037,0.061892842171163504,pcross=0.5
48,10.331638507800037,0.055252247763237186,pcross=0.5
49,10.331638507800037,0.053281851417843654,pcross=0.5
50,10.29633034883527,0.0352882349347717,pcross=0.5
51,10.29633034883527,0.059263774854827575,pcross=0.5
52,9.91901755109427,0.05433216145360011,pcross=0.5
53,9.91901755109427,0.043844590672983304,pcross=0.5
54,9.883709392129504,0.039299640776298814,pcross=0.5
55,9.799246926985148,0.03442330171201969,pcross=0.5
56,9.799246926985148,0.028120230266594493,pcross=0.5
57,9.799246926985148,0.06636102885928324,pcross=0.5
58,9.258600945923106,0.054794624618518945,pcross=0.5
59,7.816912019665892,0.049723829500228675,pcross=0.5
60,7.816912019665892,0.08369034556867977,pcross=0.5
61,7.816912019665892,0.10733402647495169,pcross=0.5
62,7.272618534963456,0.1355044970494585,pcross=0.5
63,7.272618534963456,0.1379541436954038,pcross=0.5
64,7.272618534963456,0.12055020004135139,pcross=0.5
65,6.892651272496778,0.12332021365609912,pcross=0.5
66,6.892651272496778,0.08912611095533798,pcross=0.5
67,6.348357787794342,0.09305543281266912,pcross=0.5
68,6.348357787794342,0.10921636319674177,pcross=0.5
69,6.348357787794342,0.11547880587457617,pcross=0.5
70,6.2812823958990265,0.10890073779262117,pcross=0.5
71,6.2812823958990265,0.07661626029130528,pcross=0.5
72,6.2812823958990265,0.054557017560513656,pcross=0.5
73,6.2776348922586465,0.03285150090437831,pcross=0.5
74,6.2776348922586465,0.03372348943072934,pcross=0.5
75,6.2776348922586465,0.0747720635750478,pcross=0.5
76,6.2776348922586465,0.05688735025294124,pcross=0.5
77,6.2776348922586465,0.0412628672728862,pcross=0.5
78,6.2776348922586465,0.029665913259336676,pcross=0.5
79,6.2776348922586465,0.03685624351805353,pcross=0.5
80,6.13021853925261,0.06026338774892511,pcross=0.5
81,6.13021853925261,0.04925402869518721,pcross=0.5
82,6.13021853925261,0.04960778425671146,pcross=0.5
83,5.768647240321343,0.04858916924983466,pcross=0.5
84,5.768647240321343,0.08969503123665477,pcross=0.5
85,5.739664560396534,0.07491380468231641,pcross=0.5
86,5.621230887315306,0.09004236406828328,pcross=0.5
87,5.23067690845923,0.0944610837603743,pcross=0.5
88,5.23067690845923,0.060158359467621894,pcross=0.5
89,5.23067690845923,0.08254987534594313,pcross=0.5
90,5.23067690845923,0.04421244942120071,pcross=0.5
91,4.849123505299275,0.03946807198214145,pcross=0.5
92,4.849123505299275,0.06369877133028111,pcross=0.5
93,4.849123505299275,0.03913131503211439,pcross=0.5
94,4.818899513196769,0.031226470459558134,pcross=0.5
95,4.818899513196769,0.061701459405081246,pcross=0.5
96,4.818899513196769,0.06208121893530676,pcross=0.5
97,4.818899513196769,0.05115246827188881,pcross=0.5
98,4.818899513196769,0.08135670907825351,pcross=0.5
99,4.818899513196769,0.0479565324892382,pcross=0.5
0,105.92460383878199,2.7277519597846234,pcross=0.6
1,102.43165513696763,2.5424167534436917,pcross=0.6
2,94.42733909303664,2.2526491477765016,pcross=0.6
3,90.48720992324141,1.87556738228709,pcross=0.6
4,75.20158992527399,1.671836214309014,pcross=0.6
5,47.775999829018346,1.6136370580294366,pcross=0.6
6,47.775999829018346,1.5019117121135466,pcross=0.6
7,33.00247760903119,1.2339250229957013,pcross=0.6
8,30.775199439469006,0.8603729783935048,pcross=0.6
9,28.93232618327275,0.633684922686908,pcross=0.6
10,28.95309436151942,0.4925503996169513,pcross=0.6
11,25.607585366063404,0.38711759351667574,pcross=0.6
12,25.687608411998013,0.3163782458520649,pcross=0.6
13,24.954913365742513,0.2329674764650224,pcross=0.6
14,22.91544738970137,0.2071619140501015,pcross=0.6
15,22.91544738970137,0.21009528018922116,pcross=0.6
16,22.18204878594129,0.1256502223536336,pcross=0.6
17,20.25764484602209,0.11214613701408414,pcross=0.6
18,20.00637853454832,0.10385650538712286,pcross=0.6
19,19.96532458604861,0.1018322155428925,pcross=0.6
20,18.713008413709403,0.13873729652744157,pcross=0.6
21,17.96322318187407,0.11777145487420206,pcross=0.6
22,17.939259418954222,0.1292749135098224,pcross=0.6
23,17.314018006485,0.13364603259474542,pcross=0.6
24,17.271273607663446,0.11047568279225503,pcross=0.6
25,17.036976285114207,0.09714029189826023,pcross=0.6
26,17.036976285114207,0.08202260439551064,pcross=0.6
27,15.294685254748572,0.0586191690614512,pcross=0.6
28,13.342300890338862,0.08626719132360654,pcross=0.6
29,13.342300890338862,0.07919619181814805,pcross=0.6
30,12.71705947786964,0.09447869347812567,pcross=0.6
31,12.71705947786964,0.1086534563003216,pcross=0.6
32,11.600009859973241,0.1320861914647579,pcross=0.6
33,11.354763200654816,0.12989599034005375,pcross=0.6
34,11.354763200654816,0.12566332697802615,pcross=0.6
35,11.354763200654816,0.08841212591567481,pcross=0.6
36,11.354763200654816,0.09436780220613393,pcross=0.6
37,11.354763200654816,0.0759695561771868,pcross=0.6
38,11.283087790938808,0.07012749956592569,pcross=0.6
39,11.283087790938808,0.045009080014945274,pcross=0.6
40,10.591017096942323,0.05112698015562361,pcross=0.6
41,10.591017096942323,0.052832693477043016,pcross=0.6
42,9.755834386382745,0.03283809044408339,pcross=0.6
43,9.755834386382745,0.04601696474261248,pcross=0.6
44,9.755834386382745,0.05402152702186845,pcross=0.6
45,9.755834386382745,0.05366334893893302,pcross=0.6
46,9.755834386382745,0.03977001475836418,pcross=0.6
47,9.699850172354445,0.046611248756808846,pcross=0.6
48,9.702532951034314,0.022872379910789623,pcross=0.6
49,9.15283514342893,0.05351035467552929,pcross=0.6
50,9.15283514342893,0.08445600115894501,pcross=0.6
51,9.0995337080805,0.07250215218310384,pcross=0.6
52,9.15283514342893,0.0906835283016495,pcross=0.6
53,7.8406655371368,0.07405002759951039,pcross=0.6
54,7.8406655371368,0.08642302298502666,pcross=0.6
55,7.548580863948487,0.07537700392440708,pcross=0.6
56,7.548580863948487,0.08729569777929716,pcross=0.6
57,7.548580863948487,0.08500505033742124,pcross=0.6
58,7.495279428600057,0.051981784190313594,pcross=0.6
59,7.495279428600057,0.04999262428386777,pcross=0.6
60,6.682976030714272,0.05651608895581823,pcross=0.6
61,6.682976030714272,0.04185313274183697,pcross=0.6
62,6.682976030714272,0.03841132588746769,pcross=0.6
63,6.682976030714272,0.05399944120447617,pcross=0.6
64,6.629674595365842,0.061002856496999096,pcross=0.6
65,6.409598796938553,0.05573557462144571,pcross=0.6
66,6.409598796938553,0.0887175147187466,pcross=0.6
67,6.238942659700172,0.08593084083152847,pcross=0.6
68,6.238942659700172,0.03899933104342897,pcross=0.6
69,6.238942659700172,0.04839353450064193,pcross=0.6
70,6.238942659700172,0.04144622789449581,pcross=0.6
71,6.096021791245278,0.04908614578933521,pcross=0.6
72,6.0241806254896915,0.050039676590483466,pcross=0.6
73,6.0241806254896915,0.0531785179116672,pcross=0.6
74,5.978667089355326,0.0634505852733739,pcross=0.6
75,5.978667089355326,0.09470905509344196,pcross=0.6
76,5.763905055144846,0.09294982531209127,pcross=0.6
77,5.763905055144846,0.07148255710446828,pcross=0.6
78,5.763905055144846,0.10813686871948675,pcross=0.6
79,5.763905055144846,0.08006138884639546,pcross=0.6
80,5.763905055144846,0.057283541773209,pcross=0.6
81,5.426086682817726,0.03304831138349594,pcross=0.6
82,4.851288473686282,0.057485570624821763,pcross=0.6
83,5.2113246486072455,0.03664455014102256,pcross=0.6
84,5.2113246486072455,0.05203945266556793,pcross=0.6
85,5.2113246486072455,0.04863162557328738,pcross=0.6
86,5.2113246486072455,0.0406260406508364,pcross=0.6
87,5.103981082958512,0.04697712306162333,pcross=0.6
88,5.103981082958512,0.02789501659045104,pcross=0.6
89,5.103981082958512,0.061339410829723814,pcross=0.6
90,5.088358589211097,0.03303947300809268,pcross=0.6
91,4.981015023562364,0.05588391470493574,pcross=0.6
92,5.088358589211097,0.06338119039092464,pcross=0.6
93,4.981015023562364,0.04957936901951843,pcross=0.6
94,4.981015023562364,0.03329116736628817,pcross=0.6
95,4.981015023562364,0.060812697213886026,pcross=0.6
96,4.7097795863206215,0.05828139214461172,pcross=0.6
97,4.7097795863206215,0.04121060045009249,pcross=0.6
98,4.602436020671888,0.06547233713188837,pcross=0.6
99,4.602436020671888,0.0509698160511922,pcross=0.6
0,106.9036735395237,2.5466725156062364,pcross=0.7
1,89.30533991338044,2.3337617445292898,pcross=0.7
2,73.29620011016955,2.048033393343952,pcross=0.7
3,63.5225467783262,1.8841920185641663,pcross=0.7
4,54.586479749954584,1.707271814281721,pcross=0.7
5,41.11856854972675,1.5586243886693574,pcross=0.7
6,34.95437097823907,1.3842757760330584,pcross=0.7
7,27.47886361453132,1.210141495894014,pcross=0.7
8,27.47886361453132,1.047407742895197,pcross=0.7
9,24.754980421704914,0.9255926225284158,pcross=0.7
10,22.114809533687463,0.8535750259414507,pcross=0.7
11,19.918434871546097,0.6806119850612333,pcross=0.7
12,18.39851559354436,0.5408513451100605,pcross=0.7
13,18.39851559354436,0.4299652452187333,pcross=0.7
14,18.294622276364095,0.4035409914835921,pcross=0.7
15,17.15985805635647,0.35112913602030227,pcross=0.7
16,17.455703847605605,0.2546241565109351,pcross=0.7
17,17.534864658955428,0.16389628549850316,pcross=0.7
18,17.534864658955428,0.13572920363937896,pcross=0.7
19,17.3180969501865,0.1519933287725983,pcross=0.7
20,16.558339332777834,0.13187715393008093,pcross=0.7
21,14.520116505214546,0.09188677706846807,pcross=0.7
22,14.520116505214546,0.15075859939107972,pcross=0.7
23,13.63566216909092,0.20104114762006545,pcross=0.7
24,12.517404939383809,0.21752900025505467,pcross=0.7
25,12.517404939383809,0.20784845031658364,pcross=0.7
26,11.860514580811056,0.20049686411724071,pcross=0.7
27,10.427782407068236,0.19578316186563013,pcross=0.7
28,10.427782407068236,0.2188217259004283,pcross=0.7
29,9.668024789659569,0.2273401990239581,pcross=0.7
30,9.502656785642912,0.2218749250302505,pcross=0.7
31,8.495606432610245,0.2030054531928996,pcross=0.7
32,8.495606432610245,0.19666796147069573,pcross=0.7
33,7.949292203425941,0.17316144935557803,pcross=0.7
34,7.949292203425941,0.16479720989854407,pcross=0.7
35,7.193933974230319,0.10587415204896632,pcross=0.7
36,7.193933974230319,0.09678605659453643,pcross=0.7
37,7.193933974230319,0.07685830795107548,pcross=0.7
38,6.843462118627954,0.05664000226749073,pcross=0.7
39,6.843462118627954,0.05328080752458454,pcross=0.7
40,6.720866101718883,0.04405769694880192,pcross=0.7
41,6.720866101718883,0.03229608650753006,pcross=0.7
42,6.720866101718883,0.0551800483792496,pcross=0.7
43,6.720866101718883,0.037878764540760786,pcross=0.7
44,5.956373581313869,0.03880768308296508,pcross=0.7
45,6.720866101718883,0.050517843480558905,pcross=0.7
46,6.720866101718883,0.04321906256205215,pcross=0.7
47,6.720866101718883,0.0652030467230355,pcross=0.7
48,6.7092102756670755,0.06144876433916559,pcross=0.7
49,6.7092102756670755,0.06090324811349347,pcross=0.7
50,6.602322167109307,0.05709109911265594,pcross=0.7
51,5.665398269332073,0.03692837564585741,pcross=0.7
52,5.578610275726305,0.06607501616481208,pcross=0.7
53,5.578610275726305,0.05776077350884245,pcross=0.7
54,5.369437635085177,0.09982045492544811,pcross=0.7
55,5.523644809876828,0.09531038694771093,pcross=0.7
56,5.369437635085177,0.059111490591494044,pcross=0.7
57,5.369437635085177,0.05394130640131262,pcross=0.7
58,5.317514992376886,0.048912402724460756,pcross=0.7
59,5.268410357742752,0.05477721922597281,pcross=0.7
60,5.125859009002909,0.05586212163019376,pcross=0.7
61,5.114203182951101,0.02565135523734957,pcross=0.7
62,5.114203182951101,0.04601505854356496,pcross=0.7
63,4.976619061076121,0.0597905443706539,pcross=0.7
64,5.114203182951101,0.043489305494960176,pcross=0.7
65,5.114203182951101,0.042217131691852754,pcross=0.7
66,5.114203182951101,0.06637087934382209,pcross=0.7
67,5.114203182951101,0.03362995067880826,pcross=0.7
68,5.114203182951101,0.055670660983206305,pcross=0.7
69,5.012673031756407,0.041179620943559966,pcross=0.7
70,5.012673031756407,0.03945080480028385,pcross=0.7
71,5.012673031756407,0.018450997600873327,pcross=0.7
72,5.012673031756407,0.036484069520439956,pcross=0.7
73,5.012673031756407,0.03370515226669757,pcross=0.7
74,5.012673031756407,0.023785833659951565,pcross=0.7
75,5.012673031756407,0.026776175776979536,pcross=0.7
76,5.012673031756407,0.039331414250532014,pcross=0.7
77,5.012673031756407,0.029568161382545137,pcross=0.7
78,5.012673031756407,0.060901694999606654,pcross=0.7
79,5.012673031756407,0.04374186324153058,pcross=0.7
80,5.012673031756407,0.0506607222222479,pcross=0.7
81,5.012673031756407,0.047388425562861526,pcross=0.7
82,5.012673031756407,0.06149253294244904,pcross=0.7
83,5.012673031756407,0.04555696873000352,pcross=0.7
84,5.012673031756407,0.05139227674452057,pcross=0.7
85,4.916957805301962,0.05234174952091648,pcross=0.7
86,5.012673031756407,0.04444060999325492,pcross=0.7
87,4.947455924919197,0.04730688142607631,pcross=0.7
88,4.947455924919197,0.0700828817199202,pcross=0.7
89,4.947455924919197,0.04883688055349303,pcross=0.7
90,4.189682606990658,0.04906825514330507,pcross=0.7
91,4.947455924919197,0.03629636935736293,pcross=0.7
92,4.947455924919197,0.059359729257340975,pcross=0.7
93,4.884355092872227,0.05142964611302505,pcross=0.7
94,4.884355092872227,0.057212625306356533,pcross=0.7
95,4.884355092872227,0.036537521846331786,pcross=0.7
96,4.884355092872227,0.04038910826756546,pcross=0.7
97,4.884355092872227,0.03461227394016549,pcross=0.7
98,4.884355092872227,0.05896323142142771,pcross=0.7
99,4.884355092872227,0.02736163966890672,pcross=0.7
0,106.37382841013692,2.709267277509029,pcross=0.8
1,84.44501267466424,2.493023160661533,pcross=0.8
2,68.86617923118865,2.2144932268073054,pcross=0.8
3,60.62879881826222,1.956901879202803,pcross=0.8
4,45.2327482125263,1.7156422476728783,pcross=0.8
5,45.2327482125263,1.44351760953338,pcross=0.8
6,39.29908525827729,1.0788893783411695,pcross=0.8
7,33.790031869922785,0.9487277760073192,pcross=0.8
8,31.513233837281618,0.878962825127092,pcross=0.8
9,27.569463997325414,0.8078982193097707,pcross=0.8
10,23.960136181376328,0.6977050587589415,pcross=0.8
11,17.918256914102088,0.6555581532716322,pcross=0.8
12,16.637944828588246,0.4747125401434698,pcross=0.8
13,15.905098490077393,0.381706405230337,pcross=0.8
14,15.905098490077393,0.31281619412862366,pcross=0.8
15,14.655831629124577,0.2073306496617231,pcross=0.8
16,14.26513082618348,0.18683935436816676,pcross=0.8
17,14.26513082618348,0.1580349301872867,pcross=0.8
18,12.729058944748743,0.12150201573637448,pcross=0.8
19,12.283017626719811,0.07778837472561524,pcross=0.8
20,12.283017626719811,0.08493013875730406,pcross=0.8
21,11.398449828663487,0.12016185912475795,pcross=0.8
22,10.952408510634541,0.1191298888282288,pcross=0.8
23,10.952408510634541,0.08043044584682386,pcross=0.8
24,8.616667728778054,0.10566838714089778,pcross=0.8
25,8.616667728778054,0.11487135903187616,pcross=0.8
26,8.360578583871543,0.1205475414519339,pcross=0.8
27,7.2742361382354375,0.12554140338359002,pcross=0.8
28,7.018146993328941,0.11717540420497219,pcross=0.8
29,7.018146993328941,0.12891130209212398,pcross=0.8
30,7.018146993328941,0.13993690292009045,pcross=0.8
31,6.627439748777306,0.11626605430707122,pcross=0.8
32,6.627439748777306,0.10201906123350124,pcross=0.8
33,6.371350603870795,0.1020470900526266,pcross=0.8
34,6.2423193446611265,0.05690808506604622,pcross=0.8
35,5.887932063955191,0.11014561881454717,pcross=0.8
36,5.863716109597647,0.10833383431635386,pcross=0.8
37,5.3802975696820425,0.09958709952289284,pcross=0.8
38,5.3802975696820425,0.12121676272943188,pcross=0.8
39,5.082324827395382,0.08106765311175178,pcross=0.8
40,4.604469921014214,0.08716000869866819,pcross=0.8
41,4.604469921014214,0.0812178521479015,pcross=0.8
42,4.604469921014214,0.07131253202960408,pcross=0.8
43,4.202393343701615,0.09000337309077332,pcross=0.8
44,4.194205557275126,0.08679346545455098,pcross=0.8
45,4.194205557275126,0.08822413996098427,pcross=0.8
46,3.904420601414955,0.0705626076011375,pcross=0.8
47,3.6858550525056586,0.0792465064705616,pcross=0.8
48,3.6858550525056586,0.09564842809901569,pcross=0.8
49,3.5374808312635935,0.06280953470578864,pcross=0.8
50,3.6776672660791547,0.05892520599717649,pcross=0.8
51,3.4508165172136955,0.06210766423572721,pcross=0.8
52,3.4508165172136955,0.04840842947140199,pcross=0.8
53,3.4508165172136955,0.039063452305892664,pcross=0.8
54,3.442628730787206,0.0430023491561572,pcross=0.8
55,3.442628730787206,0.06778285344424234,pcross=0.8
56,3.3091068310072274,0.05474997105976462,pcross=0.8
57,3.3091068310072274,0.047339426059486614,pcross=0.8
58,3.3091068310072274,0.05966879941624046,pcross=0.8
59,3.3091068310072274,0.03910743763439062,pcross=0.8
60,2.941249062520086,0.03331295076186268,pcross=0.8
61,2.941249062520086,0.03623550388834453,pcross=0.8
62,2.941249062520086,0.06453796655976213,pcross=0.8
63,2.860040035926943,0.06708956093519394,pcross=0.8
64,2.860040035926943,0.058326884744702504,pcross=0.8
65,2.860040035926943,0.04669929156361239,pcross=0.8
66,2.860040035926943,0.026975634697630233,pcross=0.8
67,2.860040035926943,0.049586994582067806,pcross=0.8
68,2.860040035926943,0.024281786605077297,pcross=0.8
69,2.860040035926943,0.07656647984681644,pcross=0.8
70,2.5845497831575983,0.048599716510908886,pcross=0.8
71,2.5845497831575983,0.03461633075954031,pcross=0.8
72,2.5845497831575983,0.06363402653431004,pcross=0.8
73,2.42587610703481,0.051067937527782686,pcross=0.8
74,2.42587610703481,0.047161821869673555,pcross=0.8
75,2.403958838190846,0.04519315413561575,pcross=0.8
76,2.2753726365171474,0.054888435765572334,pcross=0.8
77,2.2753726365171474,0.08385963417416667,pcross=0.8
78,2.2753726365171474,0.06368646444394178,pcross=0.8
79,2.2753726365171474,0.023377463979490802,pcross=0.8
80,2.2753726365171474,0.014109719062725784,pcross=0.8
81,2.2753726365171474,0.041706448357182936,pcross=0.8
82,2.2753726365171474,0.03179718432288274,pcross=0.8
83,2.2753726365171474,0.046998508950654175,pcross=0.8
84,2.2753726365171474,0.026411293534304242,pcross=0.8
85,2.2753726365171474,0.031936428247685306,pcross=0.8
86,2.2753726365171474,0.04119233710164999,pcross=0.8
87,2.2753726365171474,0.0763787703140458,pcross=0.8
88,2.2753726365171474,0.034929908943439454,pcross=0.8
89,2.2753726365171474,0.039637187355512006,pcross=0.8
90,2.2593641827551494,0.04649241630889478,pcross=0.8
91,2.2593641827551494,0.04598909618482784,pcross=0.8
92,2.2593641827551494,0.03397097299024656,pcross=0.8
93,2.2593641827551494,0.031945671861529336,pcross=0.8
94,2.2593641827551494,0.041951135168884025,pcross=0.8
95,2.2593641827551494,0.04188210816445907,pcross=0.8
96,2.2593641827551494,0.03089171339295294,pcross=0.8
97,2.2593641827551494,0.0485696246406312,pcross=0.8
98,2.2593641827551494,0.047032773000683877,pcross=0.8
99,2.2593641827551494,0.053728031969370676,pcross=0.8
0,79.63730134342889,2.715604363336438,pcross=0.9
1,79.34452455303011,2.370357266435931,pcross=0.9
2,65.80887202639548,2.0350805024638823,pcross=0.9
3,51.05207470422928,1.62546021647115,pcross=0.9
4,45.38095442655079,1.2821480971055168,pcross=0.9
5,40.39407476743117,1.1949115233474186,pcross=0.9
6,28.44120495269904,1.0614363272674574,pcross=0.9
7,30.164116279326976,0.8661518215758918,pcross=0.9
8,24.415184566182063,0.8364311670260294,pcross=0.9
9,23.399964849198767,0.7674096108448745,pcross=0.9
10,19.351496240834962,0.7760681967946549,pcross=0.9
11,18.468402020263582,0.7057645797222432,pcross=0.9
12,17.107323982786056,0.6610566596763328,pcross=0.9
13,14.57468787666923,0.5731587977944326,pcross=0.9
14,14.199318174067486,0.43168371944836226,pcross=0.9
15,13.944338238458357,0.29938260208546985,pcross=0.9
16,13.922445187577068,0.14645018790880773,pcross=0.9
17,13.735194568775626,0.09035524285817206,pcross=0.9
18,13.477895794153213,0.10723619446428613,pcross=0.9
19,13.156758173776552,0.10628377638367532,pcross=0.9
20,13.089057416962333,0.09123561697484585,pcross=0.9
21,12.89945939915414,0.07568879899829194,pcross=0.9
22,12.836995501171529,0.06259794543489337,pcross=0.9
23,12.836995501171529,0.03703236567744847,pcross=0.9
24,12.836995501171529,0.024939334109045842,pcross=0.9
25,12.671504549887828,0.030601721342883706,pcross=0.9
26,12.619591306676028,0.038157456553278624,pcross=0.9
27,12.619591306676028,0.062041146439000536,pcross=0.9
28,12.557127408693418,0.043147674718711435,pcross=0.9
29,12.557127408693418,0.03244593941024869,pcross=0.9
30,12.557127408693418,0.06055111436974784,pcross=0.9
31,11.866257748486106,0.038953154820700865,pcross=0.9
32,11.544234379193554,0.03817298459211847,pcross=0.9
33,11.544234379193554,0.08246402024068175,pcross=0.9
34,11.575396150198472,0.06451553453901217,pcross=0.9
35,9.667256493145999,0.09492510952147687,pcross=0.9
36,9.667256493145999,0.10590979615003329,pcross=0.9
37,9.667256493145999,0.1052942336761266,pcross=0.9
38,9.667256493145999,0.1093354352216034,pcross=0.9
39,9.438858792840975,0.13711215006967312,pcross=0.9
40,8.685525234651053,0.12331259086112986,pcross=0.9
41,8.685525234651053,0.1235790702628664,pcross=0.9
42,8.414701884109931,0.08755913077873016,pcross=0.9
43,8.414701884109931,0.08934519490111939,pcross=0.9
44,8.414701884109931,0.05401622175953838,pcross=0.9
45,8.414701884109931,0.06998946582077042,pcross=0.9
46,8.414701884109931,0.054190354502438254,pcross=0.9
47,8.414701884109931,0.045521351602575574,pcross=0.9
48,7.590886734416557,0.027093510935054087,pcross=0.9
49,7.590886734416557,0.04215762494537163,pcross=0.9
50,7.590886734416557,0.037081747291308184,pcross=0.9
51,7.263269389571434,0.046447731292703416,pcross=0.9
52,7.263269389571434,0.05013827340234263,pcross=0.9
53,7.263269389571434,0.053494255039742956,pcross=0.9
54,7.263269389571434,0.10085650585708883,pcross=0.9
55,7.263269389571434,0.07804720086938088,pcross=0.9
56,7.263269389571434,0.08641077083233713,pcross=0.9
57,6.83017977109202,0.0659264228706177,pcross=0.9
58,6.502562426246897,0.05505012891839061,pcross=0.9
59,6.502562426246897,0.08510273820511287,pcross=0.9
60,6.502562426246897,0.06455025889097299,pcross=0.9
61,6.502562426246897,0.07754745219124445,pcross=0.9
62,6.502562426246897,0.09339884022274922,pcross=0.9
63,6.502562426246897,0.06303004166191793,pcross=0.9
64,6.502562426246897,0.08182888507383064,pcross=0.9
65,6.502562426246897,0.052749035440884044,pcross=0.9
66,6.482315687472422,0.056482401162125946,pcross=0.9
67,6.482315687472422,0.05687456836797915,pcross=0.9
68,5.802302631101611,0.04161932852064381,pcross=0.9
69,5.802302631101611,0.03337534378713912,pcross=0.9
70,5.802302631101611,0.05570999529271018,pcross=0.9
71,5.802302631101611,0.0407689205053509,pcross=0.9
72,5.786948850189077,0.035989420731961826,pcross=0.9
73,5.786948850189077,0.05444097245802584,pcross=0.9
74,5.786948850189077,0.07693184683413358,pcross=0.9
75,4.9806095602136224,0.05535050705339618,pcross=0.9
76,4.710330027365302,0.040999634306565794,pcross=0.9
77,4.694976246452768,0.04774896428215078,pcross=0.9
78,4.694976246452768,0.06978137668654372,pcross=0.9
79,4.694976246452768,0.074322052448778,pcross=0.9
80,4.694976246452768,0.09899995311097616,pcross=0.9
81,4.694976246452768,0.06371917293557923,pcross=0.9
82,4.694976246452768,0.051737423588345086,pcross=0.9
83,4.694976246452768,0.05458150589575984,pcross=0.9
84,4.694976246452768,0.04559431414906321,pcross=0.9
85,4.694976246452768,0.04222892569393568,pcross=0.9
86,4.694976246452768,0.05193861886360242,pcross=0.9
87,4.639664427946244,0.041035460966765525,pcross=0.9
88,4.639664427946244,0.04349095565525932,pcross=0.9
89,4.560994392247451,0.04808128125700527,pcross=0.9
90,4.560994392247451,0.04761801902735871,pcross=0.9
91,4.560994392247451,0.04371152154154378,pcross=0.9
92,4.560994392247451,0.06586743318149743,pcross=0.9
93,4.505682573740941,0.024099148182462372,pcross=0.9
94,4.505682573740941,0.047473617184694984,pcross=0.9
95,4.479079025769806,0.03407857239277317,pcross=0.9
96,4.479079025769806,0.031077604151982324,pcross=0.9
97,4.479079025769806,0.028050515803341558,pcross=0.9
98,4.479079025769806,0.05632555878140237,pcross=0.9
99,4.479079025769806,0.01936847666856509,pcross=0.9
