It,AveBestFitness,AvgConvergence,ConfidenceInterval,ExperimentName
0,107.47093093512703,2.662465681084339,158.37428159672774,pmut_ind=0.0
1,104.26233235203571,2.4120259823374757,140.00710541987104,pmut_ind=0.0
2,101.05415564327338,2.0946453862149257,125.58027558659252,pmut_ind=0.0
3,97.31867287977973,1.6312285579905585,114.87212247124246,pmut_ind=0.0
4,91.70306371598228,1.2227432585677904,108.5373464916361,pmut_ind=0.0
5,88.30401116514193,0.9165595971843052,104.35440939354677,pmut_ind=0.0
6,86.18869686873778,0.7175459341831093,100.55629811892452,pmut_ind=0.0
7,82.9469540082439,0.6469263986379948,96.698175737788,pmut_ind=0.0
8,80.51474496858447,0.5610964183857095,92.60082958468196,pmut_ind=0.0
9,77.63153060960734,0.45860258232485396,89.41041432500262,pmut_ind=0.0
10,75.89906481648642,0.3710646724060229,86.45396639524192,pmut_ind=0.0
11,73.61381473344603,0.32288529956185563,83.87920556076315,pmut_ind=0.0
12,69.2739614173085,0.2656025614788696,81.33311976559042,pmut_ind=0.0
13,67.58199656264547,0.23804331319329064,79.2698059119279,pmut_ind=0.0
14,66.11928540537804,0.22271701288004178,76.83655010833772,pmut_ind=0.0
15,64.24961774837767,0.2053627172684322,74.3268127657436,pmut_ind=0.0
16,62.62258888931423,0.17213801102841053,71.87317174990181,pmut_ind=0.0
17,60.89529893874503,0.15123888038963235,69.6922951237873,pmut_ind=0.0
18,60.19924230246204,0.1556599921010988,67.79120074480451,pmut_ind=0.0
19,57.90064322294475,0.15782532452297954,65.81077323885982,pmut_ind=0.0
20,55.55600859489275,0.16033286249751055,64.23175543772824,pmut_ind=0.0
21,54.86576774992166,0.1523854115269218,62.493906905612604,pmut_ind=0.0
22,53.528702204857595,0.15667216811224155,61.00348287708942,pmut_ind=0.0
23,52.796869015279206,0.16054223505755347,59.467143964818895,pmut_ind=0.0
24,51.89112268213826,0.15426739147243307,57.7167592677598,pmut_ind=0.0
25,50.07487291227544,0.126288697879967,56.53506442406275,pmut_ind=0.0
26,49.40019110615008,0.1056007506631966,55.2221748244922,pmut_ind=0.0
27,48.48705740292454,0.10042866244178493,54.36164962421601,pmut_ind=0.0
28,47.729709995144624,0.09249054261212436,53.4129204146304,pmut_ind=0.0
29,47.06161657854613,0.08876192263998275,52.59235351251379,pmut_ind=0.0
30,46.903701843881635,0.09068067460044209,51.54097059622999,pmut_ind=0.0
31,45.95753834451682,0.07871825894015397,50.33291470090775,pmut_ind=0.0
32,45.297776697642334,0.08034664236569623,49.75677044102804,pmut_ind=0.0
33,44.081646152992256,0.08237844333195964,49.11862270691261,pmut_ind=0.0
34,44.254039964931884,0.07768294547921961,48.300076326050075,pmut_ind=0.0
35,43.32689602231397,0.08738631278534749,47.78331382480828,pmut_ind=0.0
36,42.970793581977,0.09682441894911266,47.26008831170872,pmut_ind=0.0
37,42.17332659441602,0.09000553534115144,46.336234999581876,pmut_ind=0.0
38,41.22580734394014,0.0860577471879049,45.55617551987055,pmut_ind=0.0
39,40.843002207343865,0.08875752147427589,45.159862831982345,pmut_ind=0.0
40,39.97636498104295,0.09055816480411123,44.3672610661315,pmut_ind=0.0
41,39.58099200297018,0.09118503296231437,43.93283403062917,pmut_ind=0.0
42,39.191405854667416,0.08372884636284965,43.08437709162467,pmut_ind=0.0
43,38.910067075793144,0.08061893227412095,42.58674798716835,pmut_ind=0.0
44,38.45279572504812,0.07652829437045683,41.91099453599832,pmut_ind=0.0
45,37.93097021350328,0.07076427561886613,41.34806371329061,pmut_ind=0.0
46,37.31586544608389,0.0753386913089832,40.94363876005813,pmut_ind=0.0
47,36.65744576111715,0.07002798969625267,40.18574327745726,pmut_ind=0.0
48,36.32210632656727,0.0748705022111516,40.01000932954215,pmut_ind=0.0
49,35.693053251920006,0.07883782423141562,39.4829475486258,pmut_ind=0.0
50,35.37533987816567,0.08471808033628427,39.010136459634275,pmut_ind=0.0
51,34.93519214782665,0.08044270415320762,38.49415622772693,pmut_ind=0.0
52,34.52301139081302,0.07479242314352881,37.811290651530065,pmut_ind=0.0
53,34.30357636414468,0.07002712443091036,37.43286709347971,pmut_ind=0.0
54,33.89243477154971,0.06963701514941681,36.9808240795359,pmut_ind=0.0
55,33.56908181766965,0.06984490523079126,36.73735210420829,pmut_ind=0.0
56,33.24462418923127,0.07094196881115927,36.18745914088791,pmut_ind=0.0
57,32.79887003742367,0.07427383585044474,35.950282523227656,pmut_ind=0.0
58,32.4108340256386,0.07448933327246388,35.64179702477433,pmut_ind=0.0
59,32.16668586859277,0.07505233267522053,35.242852832436775,pmut_ind=0.0
60,32.06470258933332,0.07605337590239047,35.00350562892463,pmut_ind=0.0
61,31.68629392545584,0.07029922895858168,34.62521789749972,pmut_ind=0.0
62,30.739591305431304,0.071200837883254,34.29478940171686,pmut_ind=0.0
63,30.702482504669298,0.0715310446900186,33.853910286384306,pmut_ind=0.0
64,30.218614400625437,0.07076371826904258,33.46697747154014,pmut_ind=0.0
65,30.098245946931804,0.07165136499204357,33.158290659862026,pmut_ind=0.0
66,29.88813919301581,0.07121544889297769,32.77825540496139,pmut_ind=0.0
67,29.484788653700395,0.07423346097187938,32.38441728980935,pmut_ind=0.0
68,29.083848147860458,0.07222952687425716,32.042420381877555,pmut_ind=0.0
69,28.76582956857539,0.07556879558455082,31.825911354497656,pmut_ind=0.0
70,28.29892170155566,0.07327789382498497,31.454235459160767,pmut_ind=0.0
71,27.889153760635363,0.07296742223007735,31.21195395669922,pmut_ind=0.0
72,27.49223063773593,0.07574448582248137,30.82152482236576,pmut_ind=0.0
73,27.202664541189836,0.08507204686247598,30.427033479433348,pmut_ind=0.0
74,26.966620418646926,0.07964125762512025,29.98265979671388,pmut_ind=0.0
75,26.82790480827513,0.07423032209529133,29.63934880903261,pmut_ind=0.0
76,26.44600187562029,0.06885832087330754,29.187830450059405,pmut_ind=0.0
77,26.55945485962161,0.06583106368802147,28.93753645274168,pmut_ind=0.0
78,26.356406142337608,0.06918985270202081,28.6274919663117,pmut_ind=0.0
79,26.089475727031882,0.06333504534961075,28.43219321309516,pmut_ind=0.0
80,25.95898262588187,0.06565370566273725,28.40437115148408,pmut_ind=0.0
81,25.752748797622452,0.062086044827277004,27.982787064626244,pmut_ind=0.0
82,25.535990465251768,0.06301582799231496,27.941396213015256,pmut_ind=0.0
83,25.341340262639388,0.06541169131013737,27.840346120762327,pmut_ind=0.0
84,24.944398136993584,0.06203095672589051,27.696233293889787,pmut_ind=0.0
85,24.832328755807872,0.05505744033557244,27.170322309116894,pmut_ind=0.0
86,24.45401473916797,0.06562544346555832,27.20315250428268,pmut_ind=0.0
87,24.26257193665408,0.06705135061142982,26.918931900919297,pmut_ind=0.0
88,23.67162085833413,0.07289279329179517,26.723737479827953,pmut_ind=0.0
89,23.118519244885974,0.06314225729388294,26.133256593238507,pmut_ind=0.0
90,23.069632670714004,0.06938314293387828,26.252247739514228,pmut_ind=0.0
91,22.961186604897158,0.06888680041499852,25.87524682979651,pmut_ind=0.0
92,22.63900185073573,0.0744944999859385,25.497476111700617,pmut_ind=0.0
93,22.383810158690235,0.0746555054652092,25.102258696507064,pmut_ind=0.0
94,21.94515329054536,0.07463970518005356,24.709071875914084,pmut_ind=0.0
95,21.906263937358002,0.07216346519926072,24.685755421876078,pmut_ind=0.0
96,21.675948223003896,0.07724942195343901,24.538845696147114,pmut_ind=0.0
97,21.46551675365619,0.06777215741224202,24.042339226220076,pmut_ind=0.0
98,21.124982246637234,0.0754334308109352,23.97749610253217,pmut_ind=0.0
99,20.892423289680284,0.0687999844991918,23.4937346907281,pmut_ind=0.0
0,102.5888059527988,2.672723380936975,158.44710392189435,pmut_ind=0.1
1,94.61960632434442,2.4044835950477315,137.64818723014193,pmut_ind=0.1
2,89.02491320332611,2.1077592395091904,122.3020623270158,pmut_ind=0.1
3,83.44968009315454,1.7443188474581357,110.13316745920719,pmut_ind=0.1
4,76.08804468383477,1.350564131588057,101.51286355841125,pmut_ind=0.1
5,71.60367934753873,1.0884624801404952,94.62888465884559,pmut_ind=0.1
6,69.24130424704462,0.9448956141621881,88.6574093663005,pmut_ind=0.1
7,64.68557102808495,0.8289523052868811,82.97074781484815,pmut_ind=0.1
8,60.22260630973424,0.7406093979501828,77.67189443832793,pmut_ind=0.1
9,57.64835050665438,0.6207414500619437,73.09831501110305,pmut_ind=0.1
10,54.68294744453178,0.5461829320034663,68.80733874167771,pmut_ind=0.1
11,52.300921590560854,0.4823615269878495,65.22683454289195,pmut_ind=0.1
12,49.14913774696585,0.398889537421124,61.60005487728501,pmut_ind=0.1
13,47.497498526040644,0.33728941054252265,58.68265880282015,pmut_ind=0.1
14,45.03646942131328,0.30531682124856363,56.16187419679226,pmut_ind=0.1
15,43.41622563978178,0.29071328314263034,53.67600931499531,pmut_ind=0.1
16,42.00687879442129,0.2373461002079842,51.158107179578366,pmut_ind=0.1
17,40.56740906123265,0.20194738374733062,48.98577150462196,pmut_ind=0.1
18,39.94247335777395,0.18760402558221392,46.9566482025309,pmut_ind=0.1
19,38.46368121820875,0.16652490328308853,45.1720765361819,pmut_ind=0.1
20,37.2247569109107,0.15654404648815584,43.68587346862034,pmut_ind=0.1
21,36.30957474205657,0.14525930020359992,42.33468590355025,pmut_ind=0.1
22,35.611249414751114,0.1252731272502935,41.22401933947336,pmut_ind=0.1
23,34.888074737266194,0.1236126674493765,40.09115386976316,pmut_ind=0.1
24,33.774628283846795,0.119861722797639,38.94492332982566,pmut_ind=0.1
25,32.903532376313464,0.11230050240848488,37.91720375512626,pmut_ind=0.1
26,32.17536626005512,0.1070556087278223,36.95889758945433,pmut_ind=0.1
27,31.347990504580633,0.10709794648253933,36.18240584502104,pmut_ind=0.1
28,30.969683250329055,0.10552509424960628,35.60548177692489,pmut_ind=0.1
29,29.863948416814637,0.09932648692114035,34.666463655786046,pmut_ind=0.1
30,29.305907710726583,0.10460896934287332,34.01214887637968,pmut_ind=0.1
31,28.70820031483874,0.10519772448262336,33.18844889800978,pmut_ind=0.1
32,28.04751734261175,0.10830801589354902,32.38994301481958,pmut_ind=0.1
33,27.61083224804108,0.1031912123358161,31.597221534295553,pmut_ind=0.1
34,27.044353619741898,0.09534604912415985,30.786569847384822,pmut_ind=0.1
35,26.52515499005118,0.08813558724835686,30.298578007736957,pmut_ind=0.1
36,26.229513843296413,0.08518231244840559,29.664294296506775,pmut_ind=0.1
37,25.467661835808297,0.08941023419569395,29.33918113228783,pmut_ind=0.1
38,24.975988657116222,0.09087973374523624,28.7599433644079,pmut_ind=0.1
39,24.7544105242909,0.08348437543838183,28.22766112995246,pmut_ind=0.1
40,24.404393037084255,0.07686386565314461,27.744917791407257,pmut_ind=0.1
41,24.176740139609855,0.0771879796437016,27.398770437165375,pmut_ind=0.1
42,23.681494708327975,0.07492144289376494,26.760818285929464,pmut_ind=0.1
43,23.26350605099567,0.07126843774643406,26.111968490121676,pmut_ind=0.1
44,23.053790985940857,0.07671939293225734,25.921266588968834,pmut_ind=0.1
45,22.682801870031486,0.0750024186235339,25.488445716245273,pmut_ind=0.1
46,22.193359665905607,0.07362344561403728,25.247103029413214,pmut_ind=0.1
47,21.65847239640681,0.075568622894316,24.889897515407593,pmut_ind=0.1
48,21.256893250028394,0.0754589113978085,24.542475411342245,pmut_ind=0.1
49,21.276082349797687,0.0720461508708046,24.23104852742363,pmut_ind=0.1
50,20.67750293957754,0.07582501363825618,23.993723994846135,pmut_ind=0.1
51,20.415687046036904,0.07790983442249627,23.39541402095286,pmut_ind=0.1
52,20.199901843592922,0.07421903508424162,23.01575218987681,pmut_ind=0.1
53,19.597560902159483,0.07606840735456938,22.82079255344466,pmut_ind=0.1
54,19.57363339732548,0.07254503770203395,22.319321763762947,pmut_ind=0.1
55,19.288065571370865,0.07165733339914838,21.996002523415477,pmut_ind=0.1
56,19.095464599687165,0.07821675538170471,21.771615766311083,pmut_ind=0.1
57,18.878113272656332,0.07976910436376618,21.408233634537762,pmut_ind=0.1
58,18.820032887652058,0.08344426830818025,21.425455383553444,pmut_ind=0.1
59,18.251962132906403,0.07732778990064272,20.95723204409692,pmut_ind=0.1
60,18.17250215461213,0.07689604090105948,20.757341260803464,pmut_ind=0.1
61,18.02399833085717,0.06062553270705284,20.42805085338089,pmut_ind=0.1
62,17.826467082632465,0.06162731637871411,20.36848268256349,pmut_ind=0.1
63,17.40819757884199,0.0618135709399641,19.84121946474687,pmut_ind=0.1
64,17.245338133597656,0.06757258638749024,19.816644828693494,pmut_ind=0.1
65,16.994320352382793,0.06098019517272109,19.483364805818887,pmut_ind=0.1
66,16.768004507549822,0.06736669436608482,19.444410559277944,pmut_ind=0.1
67,16.563763050181944,0.06324023004702123,19.13206917751953,pmut_ind=0.1
68,16.48707817739406,0.06243303139716665,18.847117304555255,pmut_ind=0.1
69,16.405629300197123,0.06442448964074257,18.60078490624349,pmut_ind=0.1
70,16.13636495803487,0.06279785277942418,18.373043938642834,pmut_ind=0.1
71,15.880355304044246,0.06497836166734523,18.060166033628587,pmut_ind=0.1
72,15.554992318695396,0.06763786505974557,17.92911908484843,pmut_ind=0.1
73,15.505107091372668,0.06942996291209294,17.899390120214832,pmut_ind=0.1
74,15.270161978580294,0.0745812013838695,17.879154076185046,pmut_ind=0.1
75,15.145672525971573,0.07027026287751226,17.54742068705636,pmut_ind=0.1
76,15.000125523777676,0.07220854820904729,17.39275670019084,pmut_ind=0.1
77,14.848240957792855,0.06502901964404449,16.983680221363514,pmut_ind=0.1
78,14.42146213360301,0.07004095643114523,16.959046146361935,pmut_ind=0.1
79,14.112484681767492,0.07415812832880425,16.878392384090457,pmut_ind=0.1
80,13.979326946286948,0.07311364288442587,16.567359038217777,pmut_ind=0.1
81,13.713495083589773,0.06681073444496108,16.300660781993983,pmut_ind=0.1
82,13.44981889479846,0.06299642400535761,16.122543690932797,pmut_ind=0.1
83,13.000001469994478,0.07515742876655347,16.009769560220402,pmut_ind=0.1
84,12.889714637985877,0.06626583117693267,15.47414144242869,pmut_ind=0.1
85,12.822059454750905,0.06893784891136338,15.23077055141648,pmut_ind=0.1
86,12.623929903788918,0.07265022754966412,15.289800331114701,pmut_ind=0.1
87,12.183027047622993,0.06671412164092741,14.847468189641642,pmut_ind=0.1
88,12.070378422012707,0.06851515197271954,14.674351216029264,pmut_ind=0.1
89,11.884736040873518,0.0659767118941788,14.340071810701266,pmut_ind=0.1
90,11.724483450153002,0.06690874139393563,14.072456814207685,pmut_ind=0.1
91,11.722943980508964,0.06511514689126506,13.857876450054032,pmut_ind=0.1
92,11.537188980189095,0.06320396278931392,13.610132183039665,pmut_ind=0.1
93,11.495222319121657,0.06483679077417319,13.639877867422577,pmut_ind=0.1
94,11.322219432731542,0.06542268879464196,13.507920613486627,pmut_ind=0.1
95,11.312002157172968,0.06105615948172505,13.345839981675214,pmut_ind=0.1
96,11.082441338048676,0.057976206781750604,13.130887475782753,pmut_ind=0.1
97,10.874963650114916,0.06240987700543594,13.26149702906822,pmut_ind=0.1
98,10.831068749849429,0.0648619548152755,13.16101045475694,pmut_ind=0.1
99,10.77608339185175,0.06534570390531082,12.872011006028917,pmut_ind=0.1
0,99.19123028156899,2.658238576670182,159.1072489772921,pmut_ind=0.3
1,90.28185572720821,2.4010180636915197,138.75330019281014,pmut_ind=0.3
2,82.90614381243716,2.1314651831795195,122.24906401907342,pmut_ind=0.3
3,74.47393606028945,1.8325210113753523,108.62060744478941,pmut_ind=0.3
4,67.14355147948997,1.583723891991718,98.36745784645929,pmut_ind=0.3
5,61.86492612220113,1.4089856858257706,89.13748899489049,pmut_ind=0.3
6,54.630514537085794,1.2417564809336392,80.64969892422859,pmut_ind=0.3
7,51.17843597955222,1.0816519467855275,73.22633447162869,pmut_ind=0.3
8,46.91296459681265,0.9089714868961868,66.91938850665832,pmut_ind=0.3
9,44.312772012797524,0.7629502175224621,61.09951584353361,pmut_ind=0.3
10,40.38418568894239,0.6489018197156796,56.105116005548595,pmut_ind=0.3
11,38.61075372161934,0.5633349929637308,51.720772824647135,pmut_ind=0.3
12,36.24012623100725,0.49257723058998226,48.41111358429077,pmut_ind=0.3
13,34.02823258494108,0.41320483683085596,45.202688568708695,pmut_ind=0.3
14,32.79005213737222,0.3713583919675853,42.239515147941624,pmut_ind=0.3
15,30.874674680997895,0.3148934798579717,39.50456547457309,pmut_ind=0.3
16,29.4176138167375,0.2771672660931703,37.42938585146201,pmut_ind=0.3
17,28.16538002660936,0.24001397195016874,35.3509133594038,pmut_ind=0.3
18,26.814372818876006,0.20301041728942593,33.492053167477316,pmut_ind=0.3
19,25.41450593453707,0.18590447164884463,32.11377634689871,pmut_ind=0.3
20,24.641652057886265,0.1708554991515289,30.578893554151914,pmut_ind=0.3
21,23.87055201406214,0.1406546677113137,29.322833313126075,pmut_ind=0.3
22,23.380396651341982,0.12787805537557922,28.156391117212344,pmut_ind=0.3
23,22.52965996484902,0.11797139024788647,27.101646362600864,pmut_ind=0.3
24,21.85268225873745,0.10428977739245188,26.203240186213108,pmut_ind=0.3
25,21.532344718953215,0.09631342560843398,25.418965852448768,pmut_ind=0.3
26,20.972745838841657,0.08932357387882317,24.700185271591696,pmut_ind=0.3
27,20.56985217327891,0.09147918713183892,24.203489527838897,pmut_ind=0.3
28,19.999139720615805,0.08137479179430679,23.300052073200877,pmut_ind=0.3
29,19.603802571261653,0.08441902719922655,22.944968695510806,pmut_ind=0.3
30,18.952895315789526,0.08272249705088196,22.327848192491874,pmut_ind=0.3
31,18.489189265646278,0.08355910491845782,21.824816491033637,pmut_ind=0.3
32,17.758257542940136,0.0891017969805079,21.54458505874552,pmut_ind=0.3
33,17.30982597908761,0.09507962646842133,21.044285073523135,pmut_ind=0.3
34,16.911635306612617,0.09569603671490562,20.53952987252866,pmut_ind=0.3
35,16.68158520983109,0.09469526482354311,20.09568643838028,pmut_ind=0.3
36,16.504855302448124,0.0927891517047677,19.725521860773878,pmut_ind=0.3
37,15.832220902350697,0.07887493166666854,19.011488370784306,pmut_ind=0.3
38,15.607503215677351,0.07405474518832116,18.427275859757607,pmut_ind=0.3
39,15.342196521011248,0.07415801296111366,18.15943221667278,pmut_ind=0.3
40,15.057705857185663,0.07680328602507469,17.878773930505492,pmut_ind=0.3
41,14.754226456136738,0.07221416658969264,17.499871551443643,pmut_ind=0.3
42,14.419059369107694,0.07398925566983279,17.216281655633896,pmut_ind=0.3
43,14.158999592632508,0.06970101351887664,16.909759813202523,pmut_ind=0.3
44,14.01230337194806,0.06694836051606821,16.47646822516537,pmut_ind=0.3
45,13.806034384267349,0.06337472296403258,16.065708132242076,pmut_ind=0.3
46,13.56006811174726,0.06782902971204464,15.861730116365955,pmut_ind=0.3
47,13.360153709809172,0.06483080661486905,15.685959170372513,pmut_ind=0.3
48,13.02886830845377,0.06387147380393772,15.528341739290141,pmut_ind=0.3
49,12.960429105984497,0.06133955571644724,15.170387408929471,pmut_ind=0.3
50,12.793322426792288,0.0619243462588644,15.083902030896171,pmut_ind=0.3
51,12.490195456237068,0.06316872055109982,14.883508824216099,pmut_ind=0.3
52,12.36494415510935,0.06316169753394775,14.785095868171926,pmut_ind=0.3
53,12.004486905698515,0.06819550800320125,14.469906044975799,pmut_ind=0.3
54,11.845683711729142,0.06834088428848965,14.285886657961404,pmut_ind=0.3
55,11.83522301272174,0.07399233679105555,14.184603602384827,pmut_ind=0.3
56,11.682362030168326,0.06968465561927649,13.821091159036074,pmut_ind=0.3
57,11.53714720662625,0.0682229446756879,13.739126517118143,pmut_ind=0.3
58,11.309118867612684,0.06481166947530409,13.563766325623169,pmut_ind=0.3
59,11.033715536745719,0.062961964579242,13.25492388944162,pmut_ind=0.3
60,10.949120031038726,0.06885727488758107,13.41584958608012,pmut_ind=0.3
61,10.802281491650668,0.06977952381969477,13.09005670584983,pmut_ind=0.3
62,10.608281752013928,0.06937160986005039,12.988917499893516,pmut_ind=0.3
63,10.558789357261755,0.06578212653573201,12.802503004021462,pmut_ind=0.3
64,10.289684674363391,0.06669015408570352,12.495617504546747,pmut_ind=0.3
65,10.102308834570648,0.06552990333522103,12.344071785190444,pmut_ind=0.3
66,9.94171965102973,0.06561000074205438,12.302278457381474,pmut_ind=0.3
67,9.723744663413761,0.06633437693983267,12.195421510593665,pmut_ind=0.3
68,9.531833351926995,0.06317029663532782,11.941137719669713,pmut_ind=0.3
69,9.515986182166918,0.06890714926444072,11.872449749398516,pmut_ind=0.3
70,9.348084252858053,0.06607673952648666,11.592084728811612,pmut_ind=0.3
71,9.296236963473234,0.06485923686858969,11.29891081809258,pmut_ind=0.3
72,9.175817846636557,0.06402397455387626,11.166352347627166,pmut_ind=0.3
73,9.008861902077333,0.059693980023388236,10.902273433616896,pmut_ind=0.3
74,8.766700143947412,0.061539319227243684,10.986750628638074,pmut_ind=0.3
75,8.584445146546393,0.06063365153739522,10.732326657449885,pmut_ind=0.3
76,8.417117133298621,0.06216965945685461,10.670311960433098,pmut_ind=0.3
77,8.32932200842573,0.06124725317086507,10.637767120318603,pmut_ind=0.3
78,8.118849806039062,0.05911145612237424,10.478029570572568,pmut_ind=0.3
79,8.01551684641514,0.0626005977553394,10.330126956459793,pmut_ind=0.3
80,7.8832367827411725,0.0629661590098871,10.055759719591698,pmut_ind=0.3
81,7.750267911796096,0.0608897034212449,9.941300333555448,pmut_ind=0.3
82,7.627306432470472,0.06573071387136968,9.748510660338185,pmut_ind=0.3
83,7.494022573956261,0.060002164063256466,9.426984814902397,pmut_ind=0.3
84,7.38888819192112,0.06034187930970074,9.396557095932788,pmut_ind=0.3
85,7.303385371287423,0.06297930928627252,9.282267277384847,pmut_ind=0.3
86,7.214871251687029,0.062389166695197514,8.954090365255945,pmut_ind=0.3
87,7.158073684862079,0.0660622210691773,9.040556891073255,pmut_ind=0.3
88,7.078994692234787,0.059198518637000284,8.737649218840902,pmut_ind=0.3
89,7.021105899379665,0.05915721350987553,8.86180976104567,pmut_ind=0.3
90,6.970251059716722,0.05566946811492346,8.708471141054009,pmut_ind=0.3
91,6.913336815456412,0.057063254907545526,8.77304762242493,pmut_ind=0.3
92,6.854229462082416,0.058327551835880516,8.758358480188514,pmut_ind=0.3
93,6.6828552544210025,0.05108589714686302,8.411651142302828,pmut_ind=0.3
94,6.67541085685898,0.055306735549549776,8.53346715576849,pmut_ind=0.3
95,6.483110942503711,0.05488260710933736,8.424166456329253,pmut_ind=0.3
96,6.37223183187629,0.057567595262534806,8.330111766359256,pmut_ind=0.3
97,6.19524249028107,0.05687207668092283,8.290724459394735,pmut_ind=0.3
98,6.1524004852703476,0.05407531923011741,8.227688651375662,pmut_ind=0.3
99,5.9959999487932505,0.06083725621218552,8.245045433367787,pmut_ind=0.3
0,97.32538464979335,2.6664189075400366,157.35646588623544,pmut_ind=0.5
1,87.32853963375348,2.4107403920972987,137.05483975305842,pmut_ind=0.5
2,74.23335414063521,2.1368965407684453,119.75099161575847,pmut_ind=0.5
3,66.36321925350758,1.8588770255520495,105.39297235087204,pmut_ind=0.5
4,59.747974861019415,1.6102743118079377,92.9824703661162,pmut_ind=0.5
5,54.45473228640514,1.390561230771511,82.43931165653946,pmut_ind=0.5
6,48.597053662273034,1.2061409223667823,73.81723710599769,pmut_ind=0.5
7,42.048150522021736,1.0322014889704618,66.05313895657473,pmut_ind=0.5
8,39.49994786902026,0.9139756911268054,59.10432224222943,pmut_ind=0.5
9,37.401466858233924,0.7993268661978291,53.473455213467425,pmut_ind=0.5
10,35.13721482835625,0.6884007125883314,48.429175839485694,pmut_ind=0.5
11,33.095603376630145,0.58273370208659,44.2303553855252,pmut_ind=0.5
12,30.851095869175307,0.5025285424119688,41.05575890388738,pmut_ind=0.5
13,28.871620237994627,0.45804964901868617,38.368418420322016,pmut_ind=0.5
14,27.022424274810632,0.41028774920264816,35.890152949121145,pmut_ind=0.5
15,26.248546648193653,0.3576587017446697,33.437869007382474,pmut_ind=0.5
16,24.81316001462981,0.29391758351380337,31.269170998063803,pmut_ind=0.5
17,23.51365593117126,0.23743223247844156,29.724594931190328,pmut_ind=0.5
18,23.028760756301107,0.20827763527322965,28.396457977696674,pmut_ind=0.5
19,22.215518609770136,0.18512200390634248,27.233221597988596,pmut_ind=0.5
20,21.60875294578594,0.16218477659976258,26.046178236633477,pmut_ind=0.5
21,20.61483909805876,0.14320348478615216,25.171415411360925,pmut_ind=0.5
22,20.209639722904868,0.13116317186272583,24.507255549364682,pmut_ind=0.5
23,19.55129958293388,0.12292494267343303,23.747070218290318,pmut_ind=0.5
24,19.151346925303944,0.11938282832381274,23.159012028724195,pmut_ind=0.5
25,18.647060258037474,0.11194296975387616,22.445495719642672,pmut_ind=0.5
26,17.70529329883983,0.11011057590098021,21.727826258219896,pmut_ind=0.5
27,17.095198643697085,0.10254473371861877,20.93755082976092,pmut_ind=0.5
28,16.571415339545833,0.0988981984442918,20.441056740584017,pmut_ind=0.5
29,16.076232274710865,0.09564517268631732,19.786487060473856,pmut_ind=0.5
30,15.82634370348181,0.09303797720507972,19.222397837417752,pmut_ind=0.5
31,15.245689662955279,0.08892930515888581,18.689559677054355,pmut_ind=0.5
32,15.133722093412363,0.08834795547737616,18.133507926986276,pmut_ind=0.5
33,14.798360234450502,0.08536489741249002,17.61776180587669,pmut_ind=0.5
34,14.503049676394992,0.08286086122569193,17.338366649624525,pmut_ind=0.5
35,14.176661309692312,0.08592768509410605,16.857271705369644,pmut_ind=0.5
36,13.98081738104239,0.08162578376400391,16.645710793799417,pmut_ind=0.5
37,13.70501914178712,0.07678447943947188,16.267231948812174,pmut_ind=0.5
38,13.339179384110974,0.07445731750021155,16.04020658830272,pmut_ind=0.5
39,13.15003540583317,0.07285832482891491,15.744692406688086,pmut_ind=0.5
40,12.987160950898678,0.07142806834263184,15.475057759739686,pmut_ind=0.5
41,12.51384551314311,0.06943951407646512,15.228549485583178,pmut_ind=0.5
42,12.356246505493305,0.07029622223952528,15.03676654164213,pmut_ind=0.5
43,12.076793927258063,0.06556895807730297,14.625290637555466,pmut_ind=0.5
44,12.000252801586377,0.06921588744031197,14.45683364007071,pmut_ind=0.5
45,11.852392368600453,0.07536828468567316,14.27379355064244,pmut_ind=0.5
46,11.508247367351427,0.07613443128551904,13.96972534140487,pmut_ind=0.5
47,11.408202729658324,0.07511517275854714,13.741999906865908,pmut_ind=0.5
48,11.2524173181488,0.06985395683353333,13.525392345682599,pmut_ind=0.5
49,11.007137233212852,0.06735893425434664,13.194167250640854,pmut_ind=0.5
50,10.743950428137923,0.0692395440593066,13.123670607188902,pmut_ind=0.5
51,10.666869138037832,0.06720641091315087,12.913134143946195,pmut_ind=0.5
52,10.479248444594967,0.06978678543384143,12.70701231058042,pmut_ind=0.5
53,10.22975238966443,0.0679611450468499,12.580102649733151,pmut_ind=0.5
54,9.771764338544255,0.06410745425838418,12.339135052350427,pmut_ind=0.5
55,9.561952118719036,0.06586601082828995,12.173230383713314,pmut_ind=0.5
56,9.443841863480495,0.06610533525641707,11.954495986174583,pmut_ind=0.5
57,9.364295185624934,0.06591722158082254,11.529968605555279,pmut_ind=0.5
58,9.183365554592116,0.07043730881309992,11.421938735328876,pmut_ind=0.5
59,9.015213683162013,0.06431084289390399,11.098878119313744,pmut_ind=0.5
60,8.866545271035132,0.06531448658004012,11.060966919752246,pmut_ind=0.5
61,8.808447261895246,0.05954109206752824,10.846719291648192,pmut_ind=0.5
62,8.704139937389407,0.06469772096367131,10.807286363989949,pmut_ind=0.5
63,8.447371874667883,0.06150257261319585,10.697430723085644,pmut_ind=0.5
64,8.291850738633327,0.05717802569583116,10.338215807668961,pmut_ind=0.5
65,8.164815303935557,0.06445663152010836,10.410992541753663,pmut_ind=0.5
66,7.912424767922615,0.06235858383355954,10.281018016846314,pmut_ind=0.5
67,7.808139193948656,0.05970384499829129,9.987528199769308,pmut_ind=0.5
68,7.782921477282472,0.06670135968867451,9.993292302194098,pmut_ind=0.5
69,7.523677672025163,0.06378088034491512,9.853145364021534,pmut_ind=0.5
70,7.3998535607309694,0.058430650266917496,9.535615623210903,pmut_ind=0.5
71,7.209767231454589,0.059562565748644464,9.285788902113547,pmut_ind=0.5
72,7.101899085672751,0.057732058047307695,9.083070713251207,pmut_ind=0.5
73,7.072607635028602,0.05708782077930417,9.03047487620992,pmut_ind=0.5
74,6.942775445779871,0.05284264320386896,8.738204336711451,pmut_ind=0.5
75,6.757406316579348,0.06000083288163422,8.832788121371028,pmut_ind=0.5
76,6.753690903113273,0.06014978038865843,8.785451023373955,pmut_ind=0.5
77,6.591460506677111,0.053483734390978886,8.551432111357864,pmut_ind=0.5
78,6.478126479655361,0.05405292696283796,8.534687293928036,pmut_ind=0.5
79,6.284844899885794,0.05328170915293706,8.224556750002794,pmut_ind=0.5
80,6.249320016618449,0.05560863537398134,8.226674761791953,pmut_ind=0.5
81,6.100452402778736,0.058270275780359884,8.055464269071654,pmut_ind=0.5
82,6.033541057026643,0.059424551032039,8.04457202051677,pmut_ind=0.5
83,5.84601502679449,0.057316930708684086,7.848029332352673,pmut_ind=0.5
84,5.707232305128643,0.05698263286893203,7.769856055544817,pmut_ind=0.5
85,5.5686298020704434,0.05378209137993663,7.543269837623297,pmut_ind=0.5
86,5.511541913004835,0.06389024317241022,7.713925939088256,pmut_ind=0.5
87,5.359911069713214,0.05962084658001633,7.422119472149401,pmut_ind=0.5
88,5.2622431862696315,0.056204045676344704,7.307786422964659,pmut_ind=0.5
89,5.216436795300848,0.05867823208123259,7.103541332796453,pmut_ind=0.5
90,5.196675388548461,0.05414473069277759,6.907903774429503,pmut_ind=0.5
91,5.120410298197758,0.05925211773166548,6.974703594189874,pmut_ind=0.5
92,5.007528659095977,0.06271077927710379,6.955660283759815,pmut_ind=0.5
93,4.964182639179837,0.06041641393908798,6.860887064222727,pmut_ind=0.5
94,4.884263281120562,0.05540065739014373,6.839957210203202,pmut_ind=0.5
95,4.790828289246227,0.05688250786103915,6.6741666434585945,pmut_ind=0.5
96,4.719195583991865,0.05747041242642155,6.487339023081634,pmut_ind=0.5
97,4.697817827439002,0.05370504822259662,6.369046591445119,pmut_ind=0.5
98,4.659690813145208,0.056686380988961886,6.457690329669058,pmut_ind=0.5
99,4.595660467215862,0.05304892821057406,6.380015631331192,pmut_ind=0.5
0,97.55471665796725,2.6605165968768048,157.48885194312,pmut_ind=0.7
1,83.61249262297048,2.4091204426777435,136.81193492426544,pmut_ind=0.7
2,71.51200235695794,2.1593060329591256,119.23175201448512,pmut_ind=0.7
3,63.69442509383303,1.9138584134617622,104.30671528676066,pmut_ind=0.7
4,54.75329642745169,1.677282077196694,90.53644304944953,pmut_ind=0.7
5,49.52975717475639,1.4792634184054927,78.59625729744009,pmut_ind=0.7
6,43.88517078843641,1.2759468375246266,68.96473379353516,pmut_ind=0.7
7,39.91815706394004,1.1047040780513404,60.836984405475455,pmut_ind=0.7
8,35.789591180625585,0.9625661362864713,53.92840606689222,pmut_ind=0.7
9,32.954166110828446,0.8430868586230479,48.42691604844604,pmut_ind=0.7
10,31.002014616532552,0.74229117423446,43.88469892206928,pmut_ind=0.7
11,28.767358945831962,0.6442431343116547,39.86776451747987,pmut_ind=0.7
12,26.64072862288422,0.5463283392880266,36.599439833506885,pmut_ind=0.7
13,24.59925244226908,0.4709433883107873,33.81901456702399,pmut_ind=0.7
14,23.42735069134508,0.3935041523389347,31.54408891009892,pmut_ind=0.7
15,22.29065513754036,0.31723975543160304,29.3249492846052,pmut_ind=0.7
16,21.417406232134468,0.26157919562037335,27.314690627794157,pmut_ind=0.7
17,19.89222880036293,0.2429203565449343,25.983889818325352,pmut_ind=0.7
18,19.108353301854827,0.20778989026045294,24.53241783992228,pmut_ind=0.7
19,18.17867916104711,0.17856934391509818,23.45593355102976,pmut_ind=0.7
20,17.49287794869709,0.15124034922374738,22.217124124081575,pmut_ind=0.7
21,16.765008173188832,0.13918753884237836,21.391145653188865,pmut_ind=0.7
22,15.878166789553013,0.12107722484325746,20.43610427494074,pmut_ind=0.7
23,15.522627253163087,0.11356258174110469,19.5720803843606,pmut_ind=0.7
24,15.119995349614127,0.11318742702201456,18.964919075756953,pmut_ind=0.7
25,14.900693546406997,0.10675866414398051,18.235735186472688,pmut_ind=0.7
26,14.407461333459612,0.09265533753466898,17.326198891861132,pmut_ind=0.7
27,14.190884636388606,0.07758727758537032,16.827638230505233,pmut_ind=0.7
28,13.698614256517372,0.08027848291587279,16.672420838161976,pmut_ind=0.7
29,13.28762839892104,0.08055695376071016,16.54107812705948,pmut_ind=0.7
30,13.142736494651441,0.08012110922127258,15.94490922963199,pmut_ind=0.7
31,12.985341534274095,0.082839549640009,15.61167164423785,pmut_ind=0.7
32,12.72324407752958,0.08380887985259222,15.346823645763594,pmut_ind=0.7
33,12.337236030166133,0.08558729680305503,15.122368491193278,pmut_ind=0.7
34,12.094513724651584,0.08505015583145101,14.821914723823086,pmut_ind=0.7
35,11.870393188462637,0.07983535104296938,14.491976854593592,pmut_ind=0.7
36,11.667328445050083,0.08272350659914798,14.226173191339104,pmut_ind=0.7
37,11.472412442740506,0.07829037412507184,13.790916336098025,pmut_ind=0.7
38,11.230307689983466,0.07396734800440968,13.440177223199536,pmut_ind=0.7
39,10.905217010142639,0.06587438453590867,13.262372985597226,pmut_ind=0.7
40,10.57428938165158,0.06852864920892685,12.983746834500165,pmut_ind=0.7
41,10.25100880461108,0.06531629044610292,13.02260639017445,pmut_ind=0.7
42,10.068498080903504,0.0720584714578431,12.86304736070768,pmut_ind=0.7
43,9.921463665439568,0.07294692902450932,12.35253622515403,pmut_ind=0.7
44,9.673159072161106,0.08121533984904536,12.34361775977232,pmut_ind=0.7
45,9.482463284635616,0.07839217993707642,11.949940773270633,pmut_ind=0.7
46,9.282543887514807,0.07571036910068987,11.469711521858333,pmut_ind=0.7
47,9.110203320836042,0.08104958779138012,11.531553707893737,pmut_ind=0.7
48,8.824774433829925,0.08011834368239937,11.511387477363494,pmut_ind=0.7
49,8.708991893387825,0.0748181873083297,11.024207142748207,pmut_ind=0.7
50,8.568143352837557,0.0711162851051111,10.84191946990191,pmut_ind=0.7
51,8.49881102125925,0.07597094859788996,10.736138023674487,pmut_ind=0.7
52,8.335071265864816,0.07042586442915386,10.32291258632548,pmut_ind=0.7
53,8.07589861652175,0.06954512514394356,10.198268515879809,pmut_ind=0.7
54,7.985241451451986,0.0645080303285458,10.053503161896893,pmut_ind=0.7
55,7.891666592672766,0.06555633971261872,10.010552506937307,pmut_ind=0.7
56,7.75959098229688,0.06218039381356179,9.770973363065302,pmut_ind=0.7
57,7.573598053309639,0.061624773151757316,9.675703625803695,pmut_ind=0.7
58,7.466187094017623,0.062078588655091395,9.521607591464205,pmut_ind=0.7
59,7.419844938673369,0.06344028736029367,9.38305284736934,pmut_ind=0.7
60,7.3248639474003,0.05960417854890126,9.171893301673698,pmut_ind=0.7
61,7.049411870280535,0.06273762225725948,9.247575971888972,pmut_ind=0.7
62,6.882773796139804,0.06481603587678124,9.038036044989092,pmut_ind=0.7
63,6.562399958249356,0.06850755289450224,9.02568383478972,pmut_ind=0.7
64,6.4847764694250465,0.06380429826903712,8.807756578058534,pmut_ind=0.7
65,6.352156598986475,0.068631557509537,8.633723502859848,pmut_ind=0.7
66,6.280244698100048,0.07008997459966773,8.53116213319672,pmut_ind=0.7
67,6.161510180638143,0.07522917376274352,8.286283063949206,pmut_ind=0.7
68,6.070925169639294,0.06839708233036626,8.090994072815288,pmut_ind=0.7
69,6.0130012146610605,0.06358351712766058,7.96527435982062,pmut_ind=0.7
70,5.9019899806758325,0.05498407214634079,7.83441286407226,pmut_ind=0.7
71,5.787988628245379,0.05849163952698005,7.778627469891822,pmut_ind=0.7
72,5.660766058572286,0.053163723716728305,7.507643645535773,pmut_ind=0.7
73,5.5777701629904675,0.052941917376075995,7.53458577400859,pmut_ind=0.7
74,5.362837943503272,0.05404768509688657,7.4323746050925035,pmut_ind=0.7
75,5.323973403684911,0.05815645729326872,7.357981979943578,pmut_ind=0.7
76,5.26435921568393,0.06063818033206663,7.359224737036001,pmut_ind=0.7
77,5.160755163953197,0.05520427312066425,7.134464658496989,pmut_ind=0.7
78,5.093381926886366,0.05745009141506122,7.0615490636437155,pmut_ind=0.7
79,4.987609182947254,0.05618798763847818,6.953837578250462,pmut_ind=0.7
80,4.9556024417258095,0.053600858331031544,6.882550491469662,pmut_ind=0.7
81,4.901819019897911,0.054326137206564866,6.816715107272656,pmut_ind=0.7
82,4.753675117558975,0.05703362206877325,6.693205897076583,pmut_ind=0.7
83,4.731845182870666,0.05463756745120201,6.606396123812725,pmut_ind=0.7
84,4.57525391408584,0.055350363536362926,6.407746100267891,pmut_ind=0.7
85,4.5498746295245995,0.052860282633288326,6.28196200626954,pmut_ind=0.7
86,4.506733772452618,0.05378174424428873,6.211182127128316,pmut_ind=0.7
87,4.432288493536466,0.05301763473470774,6.249332456705746,pmut_ind=0.7
88,4.4511777521463705,0.050349306349782665,6.261256779393851,pmut_ind=0.7
89,4.394063287721915,0.05043664188682308,5.969556805404546,pmut_ind=0.7
90,4.2690226869454815,0.0540546654296909,6.18370739429489,pmut_ind=0.7
91,4.270912135310035,0.052947270547274265,5.9996593148614386,pmut_ind=0.7
92,4.046367862257042,0.050452357079026997,5.924900608975292,pmut_ind=0.7
93,4.038208643763933,0.05016163277431283,5.758904932639848,pmut_ind=0.7
94,3.9971074486856724,0.056359200887250466,5.917206182245192,pmut_ind=0.7
95,3.9413552341597504,0.05821421488184778,5.800970400904409,pmut_ind=0.7
96,3.9351151858733138,0.047546440898738614,5.487829625994855,pmut_ind=0.7
97,3.836960748634357,0.05558133962339366,5.681097914606085,pmut_ind=0.7
98,3.7970104315858717,0.050808639633687584,5.4619894341999835,pmut_ind=0.7
99,3.7799675109198083,0.04838688591975948,5.341465855226411,pmut_ind=0.7
0,96.27543678625618,2.665703854382018,158.47369837733308,pmut_ind=0.9
1,84.90357944124814,2.4026972539468567,137.25815749111237,pmut_ind=0.9
2,72.13382857838876,2.146576805959801,118.76643117545981,pmut_ind=0.9
3,63.39528681575203,1.9077331413281264,102.27677092127111,pmut_ind=0.9
4,55.34385355256434,1.6936943178925885,88.62316757982444,pmut_ind=0.9
5,47.182365193152904,1.486077408955809,77.10764367788015,pmut_ind=0.9
6,40.83508549612709,1.3169469605007185,67.42205834632166,pmut_ind=0.9
7,36.00571300894066,1.1820565896045914,58.754687412325225,pmut_ind=0.9
8,30.886610082512483,1.0330422801246988,51.03316167141422,pmut_ind=0.9
9,27.809959743694815,0.8999070688750342,44.56638719686408,pmut_ind=0.9
10,26.284171204093255,0.7573973348528394,39.29285979594283,pmut_ind=0.9
11,24.362633781629707,0.6205428127187964,34.972981448028946,pmut_ind=0.9
12,22.77654868017487,0.5018916014997232,31.59282622275968,pmut_ind=0.9
13,21.003590636258348,0.41327417181113574,28.956200122156098,pmut_ind=0.9
14,19.866869812727987,0.3326278118758489,26.675896905598393,pmut_ind=0.9
15,19.036185749370006,0.27608376045162747,25.18295364190117,pmut_ind=0.9
16,18.14220340972078,0.23693708299679975,23.640473469980765,pmut_ind=0.9
17,17.258081295671793,0.20930124734746705,22.34565344944638,pmut_ind=0.9
18,16.593885765969194,0.183743483453861,21.271947172557017,pmut_ind=0.9
19,15.597758646259727,0.17434464151729506,20.233998284295158,pmut_ind=0.9
20,14.965446531388766,0.15598002723623222,19.330446864076205,pmut_ind=0.9
21,14.271421843334393,0.14419053625903264,18.57555913959251,pmut_ind=0.9
22,13.938892840295438,0.14142627557681878,17.842992868151274,pmut_ind=0.9
23,13.56544739688626,0.13095657463488114,17.071597957472086,pmut_ind=0.9
24,13.191531414728471,0.1245735399554149,16.602161268631242,pmut_ind=0.9
25,12.672252600168516,0.12240331566215262,15.91463815364589,pmut_ind=0.9
26,12.340511530828758,0.11467487229699064,15.444231527569306,pmut_ind=0.9
27,11.74247754822883,0.10290321069886876,14.850197196673687,pmut_ind=0.9
28,11.533575548968834,0.09519550804268267,14.492804525497167,pmut_ind=0.9
29,11.153426405251627,0.09386420990033788,14.127939053337853,pmut_ind=0.9
30,10.916880662098656,0.09107892816536878,13.783554013488828,pmut_ind=0.9
31,10.576976410831852,0.08325839658986028,13.134821750357835,pmut_ind=0.9
32,10.335368745479723,0.08709663112405938,13.218298270064325,pmut_ind=0.9
33,10.062414494799288,0.07777012695079824,12.49423283364508,pmut_ind=0.9
34,9.84013283877055,0.07626242237903488,12.549931324826025,pmut_ind=0.9
35,9.695105240417499,0.07275978909621447,12.116209761295906,pmut_ind=0.9
36,9.496511125192193,0.07067537166217068,11.859628934457325,pmut_ind=0.9
37,9.31263330387219,0.06977208218105879,11.561035765216635,pmut_ind=0.9
38,8.986712082083246,0.06840383215207028,11.30435777713573,pmut_ind=0.9
39,8.734178359937948,0.06809965156868253,11.027534676412293,pmut_ind=0.9
40,8.55311919336891,0.06968155155950859,10.917312670796026,pmut_ind=0.9
41,8.395961165290647,0.0685538804520389,10.7719915166846,pmut_ind=0.9
42,8.188776858004227,0.06995883075814262,10.565696562083131,pmut_ind=0.9
43,7.978064089002036,0.06767144977976268,10.242321387155526,pmut_ind=0.9
44,7.735042709750584,0.06646629766529079,9.959539781212762,pmut_ind=0.9
45,7.606559443649781,0.062056995589157074,9.802035084176651,pmut_ind=0.9
46,7.463420121646002,0.06543184231060058,9.787810733576105,pmut_ind=0.9
47,7.353710320559675,0.06569142221887907,9.573037690155674,pmut_ind=0.9
48,7.234788975931097,0.062358806465148776,9.21359149142695,pmut_ind=0.9
49,7.136904522768161,0.06546814814284886,9.222798189052545,pmut_ind=0.9
50,6.963175804628261,0.06347146176434114,8.990412553731735,pmut_ind=0.9
51,6.846559642199654,0.06444649796591184,8.910721487136998,pmut_ind=0.9
52,6.765628360527533,0.060401105687314154,8.580160982251055,pmut_ind=0.9
53,6.673890732957975,0.06142858179728775,8.71078249476428,pmut_ind=0.9
54,6.608098340361215,0.06046834447261589,8.726212639777847,pmut_ind=0.9
55,6.5144692261251445,0.056804618018608,8.236436209810275,pmut_ind=0.9
56,6.4919014913352875,0.05818857477434873,8.35238299128964,pmut_ind=0.9
57,6.351443039622485,0.05992700138226379,8.117219144164714,pmut_ind=0.9
58,6.302446028099603,0.05653878851626016,8.058772525547631,pmut_ind=0.9
59,6.254127442073088,0.057468592101751446,8.199382820550722,pmut_ind=0.9
60,6.169017466687405,0.05680898721649752,7.990028865965508,pmut_ind=0.9
61,5.994252927883844,0.05913561695954675,7.921311548148103,pmut_ind=0.9
62,5.95379420030707,0.053438935260714984,7.798699643546531,pmut_ind=0.9
63,5.884676034407802,0.055781523263398206,7.7762087941235585,pmut_ind=0.9
64,5.644757224289379,0.057157811201939995,7.702890909904555,pmut_ind=0.9
65,5.564295200046767,0.06082521141897963,7.547839266885744,pmut_ind=0.9
66,5.479042176112547,0.06284295558481275,7.572533965508516,pmut_ind=0.9
67,5.44291538350044,0.06054915429687713,7.333252381636591,pmut_ind=0.9
68,5.375868525019981,0.06316340830283211,7.401145326073732,pmut_ind=0.9
69,5.240614825858085,0.06391325987999082,7.145591935700523,pmut_ind=0.9
70,5.191433279899753,0.0520851723917646,6.8650673420042025,pmut_ind=0.9
71,5.104067314160497,0.05424480296893267,6.858630323865677,pmut_ind=0.9
72,5.0429835049626,0.05381370170617147,6.893369200109276,pmut_ind=0.9
73,4.991661471624739,0.05576018996712122,6.827627195600949,pmut_ind=0.9
74,4.8609958908294475,0.06205192989092469,6.946575386505874,pmut_ind=0.9
75,4.767925439122947,0.05980053793877983,6.8335001010558685,pmut_ind=0.9
76,4.687621289526006,0.05373652807281497,6.324798833505314,pmut_ind=0.9
77,4.606825978250185,0.05794766363003007,6.451795780151443,pmut_ind=0.9
78,4.427488836858572,0.0568400910512019,6.586061366932334,pmut_ind=0.9
79,4.360063025462011,0.051576409035156555,6.151805601196856,pmut_ind=0.9
80,4.282920194051637,0.05994250111835,6.329449937986283,pmut_ind=0.9
81,4.238657393696225,0.05871378662609176,6.109048706438201,pmut_ind=0.9
82,4.181548079488053,0.05324903199132976,5.88912114107712,pmut_ind=0.9
83,4.080579167797686,0.0555590768152948,5.995954143772898,pmut_ind=0.9
84,3.9903367840156525,0.05272272331567465,5.7509366180859,pmut_ind=0.9
85,3.9157870583514227,0.05414202392679032,5.775200503783505,pmut_ind=0.9
86,3.831117205849457,0.054858927544211386,5.545930153144281,pmut_ind=0.9
87,3.7139831741270273,0.056793652295099875,5.626429936428175,pmut_ind=0.9
88,3.651286678782477,0.05769861852053552,5.6242755725004185,pmut_ind=0.9
89,3.60670352638977,0.05907299835822108,5.363086265433724,pmut_ind=0.9
90,3.5175407726291836,0.055278772535809734,5.236840558109289,pmut_ind=0.9
91,3.3921869129547138,0.05346965317596849,5.201831621431087,pmut_ind=0.9
92,3.307348791734231,0.05465417918731293,5.127393040258714,pmut_ind=0.9
93,3.281725916260596,0.054686494484404304,5.109550941537143,pmut_ind=0.9
94,3.2561436537708954,0.05849326782015813,5.208312580366429,pmut_ind=0.9
95,3.1654252609011237,0.05493947451991002,5.048786807495625,pmut_ind=0.9
96,3.094568104110664,0.052487646997870306,5.051199175102774,pmut_ind=0.9
97,2.9980225989036953,0.05526272186274554,4.856725781092657,pmut_ind=0.9
98,2.970637592374757,0.05539312448880453,4.758207807849887,pmut_ind=0.9
99,2.8911267156068328,0.05553573000442722,4.678107376398639,pmut_ind=0.9
